,T,LX,LY,RX,RY
0,0.0,0.0,0.0,0.0,0.0
1,20.0,-0.65536,0.0,-0.65537,0.0
2,40.0,-0.65536,0.0,-0.65536,0.0
3,60.0,-0.65536,-0.65536,-9.9999999960687e-06,0.0
4,80.0,-0.65537,-0.65536,-0.65537,-0.65535999999999
5,100.0,-0.65536,-0.65536,-0.65538,0.0
6,120.0,-1.31073,-0.65536,-1.31074,1.0000000003174e-05
7,140.0,-1.31073,0.0,-1.31074,1.0000000003174e-05
8,160.0,-1.9661,-0.65536,-1.96611,1.0000000003174e-05
9,180.0,-2.62146,-0.65536,-2.62147,1.0000000003174e-05
10,200.0,-2.62146,-0.65536,-2.62147,1.0000000003174e-05
11,220.0,-2.62146,-0.65535000000001,-2.62146,-0.65535
12,240.0,-1.9661,-0.65536,-1.31074,-0.65535
13,260.0,-1.31074,-1.31071,-1.96611,-0.65535
14,280.0,-1.9661,-1.31072,-1.96611,-0.65534
15,300.0,-2.62147,-1.31071,-2.62148,-0.65534
16,320.0,-3.27684,-0.65535000000001,-2.62149,-0.65534
17,340.0,-2.62148,-1.31071,-3.27685,-0.65534
18,360.0,-2.62148,-1.3107,-3.27685,-0.65534
19,380.0,-2.62148,-1.31071,-2.62148,-0.65534
20,400.0,-2.62148,-0.65535000000001,-2.62149,2.0000000006348e-05
21,420.0,-2.62149,-1.31071,-1.96614,-0.65535
22,440.0,-2.6215,-0.65536,-3.27687,1.0000000003174e-05
23,460.0,-3.27687,-0.65535000000001,-3.27688,1.0000000003174e-05
24,480.0,-3.27687,9.9999999960687e-06,-3.27688,1.0000000003174e-05
25,500.0,-3.27688,-0.65536,-3.27688,1.0000000003174e-05
26,520.0,-3.27688,0.0,-3.27689,1.0000000003174e-05
27,540.0,-3.27687,0.0,-3.27688,0.65536
28,560.0,-3.27688,0.0,-3.27689,0.65536
29,580.0,-3.27688,-1.0000000003174e-05,7.20895,0.65536
30,600.0,39.97741,-3.0000000002417e-05,72.74586,0.65534
31,620.0,79.95506,-0.6554,75.36749,0.65537
32,640.0,74.71212,0.65535999999999,75.36748,0.65536
33,660.0,75.36749,0.0,75.36749,1.0000000003174e-05
34,680.0,75.3675,9.9999999960687e-06,75.36749,1.0000000003174e-05
35,700.0,76.02286,-0.65536,76.67822,-0.65535
36,720.0,77.33358,-1.31071,77.33357,-0.65533
37,740.0,77.98894,-1.3107,77.98894,-1.31069
38,760.0,77.98895,-1.31069,77.98893,-1.31068
39,780.0,78.6443,-1.96605,78.6443,-1.31068
40,800.0,78.6443,-1.96604,77.98893,-1.31068
41,820.0,77.98894,-1.31069,80.61038,-1.31067
42,840.0,96.33923,-1.31067,111.41275,-0.65528
43,860.0,112.06815,-0.65528,108.7913,9.0000000000146e-05
44,880.0,108.79131,7.9999999996971e-05,108.79131,0.00010000000000332
45,900.0,108.13595,-0.65527,108.13594,0.00010000000000332
46,920.0,108.79131,-0.65526000000001,108.79131,-0.65525
47,940.0,108.79132,-0.65525,109.44668,-0.65524
48,960.0,109.44669,-1.3106,110.10205,-1.31059
49,980.0,110.10206,-1.96595,110.10205,-1.31058
50,1000.0,110.75742,-1.96594,110.75741,-1.31056
51,1020.0,110.75742,-2.62129,111.41277,-1.96592
52,1040.0,110.75742,-2.62129,110.75741,-1.9654
53,1060.0,110.75741,-2.62128,110.75741,-1.96591
54,1080.0,110.75742,-2.62128,110.7574,-2.62126
55,1100.0,117.31109,-2.62125,121.24331,-2.62124
56,1120.0,119.93257,-2.62125,119.27719,-1.96588
57,1140.0,119.2772,-2.62125,119.27719,-1.96588
58,1160.0,119.93255,-1.96589,119.93254,-1.96588
59,1180.0,119.93255,-1.96589,119.93254,-1.96588
60,1200.0,119.93254,-1.96589,119.93253,-1.31053
61,1220.0,119.93253,-1.96589,119.93253,-1.31052
62,1240.0,120.58789,-1.31053,119.93253,-1.31052
63,1260.0,119.93254,-1.31053,120.58788,-1.31052
64,1280.0,120.58789,-1.31053,120.58789,-1.31052
65,1300.0,121.24325,-1.96589,120.58788,-1.31052
66,1320.0,120.58789,-1.31053,121.24324,-1.31052
67,1340.0,121.24325,-1.96589,120.58788,-1.31052
68,1360.0,121.24324,-1.96588,121.24324,-1.96588
69,1380.0,121.24325,-2.62124,121.24325,-1.96588
70,1400.0,121.24325,-2.62124,121.24324,-1.96587
71,1420.0,121.24324,-2.62124,121.24324,-1.96587
72,1440.0,121.24324,-2.62124,121.24324,-1.96588
73,1460.0,121.24325,-2.62124,121.24324,-2.62124
74,1480.0,121.89861,-2.62124,121.89861,-1.96588
75,1500.0,121.89862,-2.62125,121.89862,-2.62124
76,1520.0,121.89862,-2.62125,121.89862,-2.62124
77,1540.0,121.89863,-2.62125,121.89862,-2.62124
78,1560.0,121.89864,-2.62125,121.89862,-2.62124
79,1580.0,122.554,-3.27662,121.89863,-3.27661
80,1600.0,121.89864,-3.27662,121.89863,-2.62125
81,1620.0,121.89864,-3.27662,121.89863,-3.27661
82,1640.0,121.89864,-3.27662,121.89864,-3.27662
83,1660.0,121.89865,-3.27662,121.89864,-2.62125
84,1680.0,121.89865,-3.27662,122.554,-3.27661
85,1700.0,122.55401,-3.93198,122.55401,-3.27661
86,1720.0,121.89866,-3.93198,121.89865,-3.93198
87,1740.0,122.55401,-3.93199,121.89865,-3.93198
88,1760.0,121.89866,-3.93199,121.89866,-3.27662
89,1780.0,121.89866,-3.93199,121.2433,-3.27662
90,1800.0,121.89867,-3.93199,121.89866,-3.27662
91,1820.0,121.89867,-3.93199,121.89865,-3.93199
92,1840.0,121.89867,-4.58735,121.89866,-3.93199
93,1860.0,121.89868,-4.58736,121.89866,-3.93199
94,1880.0,121.89867,-3.932,122.55402,-3.932
95,1900.0,122.55402,-3.93201,122.55401,-3.93201
96,1920.0,121.89866,-4.58737,122.55401,-3.932
97,1940.0,122.55403,-4.58737,122.55401,-3.932
98,1960.0,122.55402,-5.24273,117.31107,-4.58737
99,1980.0,87.16409,-3.93203,47.84185,-2.62134
100,2000.0,21.6271,-2.62136,10.4859,-3.27672
101,2020.0,13.10743,-3.93212,14.41816,-3.27612
102,2040.0,14.41817,-3.27674,14.41815,-3.27674
103,2060.0,14.41816,-3.27675,14.41816,-2.62138
104,2080.0,14.41816,-3.27674,14.41816,-3.27673
105,2100.0,14.41816,-3.9321,14.41815,-3.27673
106,2120.0,14.41817,-4.58746,15.07352,-4.58745
107,2140.0,15.07352,-4.58745,15.07351,-4.58744
108,2160.0,15.72888,-4.58745,15.07351,-5.2428
109,2180.0,15.72888,-5.89817,15.72888,-5.2428
110,2200.0,15.72888,-5.2428,15.72888,-5.2428
111,2220.0,15.72888,-5.24281,15.72888,-4.58744
112,2240.0,16.38425,-5.24281,17.69496,-5.24279
113,2260.0,27.5255,-5.24281,28.83622,-3.93208
114,2280.0,35.38993,-3.27673,41.28826,-3.27672
115,2300.0,41.28827,-3.93208,41.28825,-3.27672
116,2320.0,41.28826,-3.93208,41.28825,-3.27672
117,2340.0,41.28826,-3.93208,41.94362,-3.27672
118,2360.0,41.94363,-3.93208,41.94362,-3.93207
119,2380.0,41.94363,-3.93208,41.94362,-3.93208
120,2400.0,44.56508,-3.93208,66.1922,-2.62134
121,2420.0,95.02843,-1.96596,112.72346,-0.65521
122,2440.0,110.75741,-1.31057,106.82519,0.65552
123,2460.0,106.8252,1.31086,106.16984,1.96623
124,2480.0,106.16985,1.96622,105.51448,1.96623
125,2500.0,105.51449,1.96623,105.51448,1.96624
126,2520.0,105.51449,1.96624,105.51449,1.96625
127,2540.0,105.5145,1.31088,105.51449,1.96625
128,2560.0,105.5145,1.31088,105.51449,2.62161
129,2580.0,105.51449,2.6216,105.51449,3.27697
130,2600.0,105.51449,3.27696,105.51449,3.93233
131,2620.0,104.85914,3.93232,105.51449,4.58769
132,2640.0,105.5145,4.58768,111.4128,4.58769
133,2660.0,121.89871,3.93233,121.24336,3.93234
134,2680.0,119.27726,4.5877,118.62189,4.58771
135,2700.0,119.27726,4.5877,118.62189,4.58771
136,2720.0,118.6219,4.58771,118.62189,5.24308
137,2740.0,118.6219,4.58771,118.62189,5.24308
138,2760.0,118.6219,4.58771,118.62189,5.24308
139,2780.0,117.96654,4.58771,117.96653,5.24308
140,2800.0,117.96654,4.58772,117.96653,5.24309
141,2820.0,117.96654,4.58772,117.31117,5.24308
142,2840.0,117.96654,4.58771,117.31117,5.24308
143,2860.0,117.96654,4.58771,117.31116,4.58773
144,2880.0,117.31117,4.58771,117.31117,4.58772
145,2900.0,117.96654,3.93236,117.96653,4.58772
146,2920.0,117.31118,4.58771,117.96653,4.58772
147,2940.0,117.96654,3.93236,117.96653,4.58772
148,2960.0,117.31118,3.93235,117.96653,4.58772
149,2980.0,117.96654,3.93235,117.96653,3.93236
150,3000.0,117.31118,3.27699,112.72359,3.27698
151,3020.0,78.64439,1.9662,33.42379,2.62155
152,3040.0,-12.45206,2.6216,-39.97745,3.27697
153,3060.0,-39.97737,3.27699,-39.9773,3.93238
154,3080.0,-39.97732,4.58772,-39.97734,5.24309
155,3100.0,-39.97731,5.24309,-39.97732,5.2431
156,3120.0,-39.97731,5.24309,-39.97732,5.2431
157,3140.0,-39.97734,5.2431,-39.97735,5.24313
158,3160.0,-39.97736,5.24313,-39.9774,5.24315
159,3180.0,-39.9774,4.58779,-39.97744,5.89852
160,3200.0,-39.97746,5.24315,-39.97748,5.89852
161,3220.0,-39.97747,5.89851,-39.97749,6.55387
162,3240.0,-39.97748,5.8985,-39.97748,7.20922
163,3260.0,-39.97746,7.2092,-39.97745,7.20921
164,3280.0,-39.97743,7.20919,-39.97742,7.86455
165,3300.0,-39.97747,7.20918,-39.97751,7.86452
166,3320.0,-39.97746,7.86451,-39.97745,8.51989
167,3340.0,-39.97744,8.51987,-39.97744,8.51988
168,3360.0,-39.97743,8.51987,-39.97743,9.17524
169,3380.0,-39.97743,8.51988,-39.97744,9.17525
170,3400.0,-39.97743,8.51988,-39.97744,8.51989
171,3420.0,-39.97742,8.51988,-39.97742,8.51989
172,3440.0,-39.97741,8.51987,-39.97741,8.51988
173,3460.0,-39.9774,7.86451,-39.97739,8.51988
174,3480.0,-39.97738,7.8645,-39.97739,8.51987
175,3500.0,-39.97737,7.8645,-39.97737,8.51987
176,3520.0,-39.97737,7.20915,-39.97738,7.86451
177,3540.0,-39.97738,7.86451,-39.97739,7.86452
178,3560.0,-39.97739,7.86451,-39.97741,7.86452
179,3580.0,-39.9774,7.20915,-39.97741,7.86452
180,3600.0,-39.97741,7.20915,-39.97742,7.20916
181,3620.0,-39.97739,7.20915,-22.93786,6.55377
182,3640.0,2.62156,5.89838,13.10752,5.89838
183,3660.0,10.48604,5.24301,9.1753,5.8984
184,3680.0,9.83067,5.89838,9.83067,5.8984
185,3700.0,9.83068,5.24303,9.83067,5.8984
186,3720.0,9.83067,5.89839,9.83066,6.55376
187,3740.0,9.83067,6.55375,9.83066,6.55376
188,3760.0,9.17532,6.55376,9.1753,7.20912
189,3780.0,8.51996,7.20911,8.51994,7.20912
190,3800.0,9.17531,7.20911,8.51995,7.86448
191,3820.0,8.51995,7.2091,8.51995,7.86447
192,3840.0,8.51995,7.2091,7.86458,7.86448
193,3860.0,7.20923,7.20911,7.86459,7.86447
194,3880.0,7.8646,7.2091,7.86459,7.86447
195,3900.0,7.86461,7.2091,7.8646,7.20911
196,3920.0,8.51997,7.2091,8.51997,7.20911
197,3940.0,9.17535,7.2091,9.17535,7.20911
198,3960.0,10.48608,7.2091,9.83071,7.20911
199,3980.0,10.48609,6.55374,10.48608,7.20911
200,4000.0,10.48609,6.55374,11.14144,7.2091
201,4020.0,11.14144,7.20909,11.14143,7.2091
202,4040.0,11.14144,6.55373,19.00584,7.2091
203,4060.0,26.21494,6.55373,27.52567,7.20909
204,4080.0,26.8703,7.20909,-39.97643,7.2091
205,4100.0,27.52566,7.20909,27.52565,7.2091
206,4120.0,27.52566,6.55373,27.52564,7.2091
207,4140.0,27.52565,6.55373,27.52563,6.55374
208,4160.0,26.87027,6.55374,27.52562,6.55374
209,4180.0,27.52563,6.55374,26.87026,7.20911
210,4200.0,26.87026,6.55373,26.87025,7.2091
211,4220.0,31.45783,6.55374,40.633,7.20911
212,4240.0,51.11893,6.55374,52.42966,6.55375
213,4260.0,51.11893,6.55375,51.11892,7.20911
214,4280.0,51.11893,5.89838,51.77428,6.55375
215,4300.0,51.77429,5.89839,52.42964,6.55376
216,4320.0,52.42965,5.89839,52.42964,5.8984
217,4340.0,53.08501,5.8984,53.085,5.89841
218,4360.0,53.08501,5.24304,53.085,5.24305
219,4380.0,53.08501,5.24305,53.085,5.89842
220,4400.0,53.085,5.24305,64.88162,5.89842
221,4420.0,79.95514,5.89842,81.26588,5.89844
222,4440.0,79.29976,5.24308,79.29975,5.89844
223,4460.0,79.95513,5.24308,79.95512,5.24309
224,4480.0,79.95513,5.24308,80.61048,5.24309
225,4500.0,80.61049,5.24308,80.61048,5.24309
226,4520.0,80.61049,4.58772,80.61048,5.24309
227,4540.0,80.61049,5.24308,80.61047,5.24309
228,4560.0,80.61048,4.58772,80.61047,5.24309
229,4580.0,80.61048,4.58772,80.61047,4.58772
230,4600.0,81.26584,3.93235,81.26583,3.93235
231,4620.0,81.26583,3.27698,81.92118,3.277
232,4640.0,81.9212,2.62162,81.92118,2.62163
233,4660.0,82.57656,2.62162,82.57655,2.62163
234,4680.0,83.23192,1.96626,83.88727,2.62162
235,4700.0,83.88727,1.96625,84.54262,1.96626
236,4720.0,84.54263,1.96625,84.54262,1.96626
237,4740.0,84.54263,1.96625,85.19798,1.96626
238,4760.0,81.92116,1.3109,76.67818,1.3109
239,4780.0,77.98894,0.65552,79.29967,1.3109
240,4800.0,79.29967,1.31089,79.95502,1.31089
241,4820.0,79.95503,0.65552,80.61038,1.3109
242,4840.0,79.95504,0.65552,79.95503,0.65553000000001
243,4860.0,79.95504,0.65552,80.61039,0.65553000000001
244,4880.0,80.6104,0.65552,80.61039,0.65553000000001
245,4900.0,80.6104,0.00016999999999712,80.61039,0.65553000000001
246,4920.0,80.6104,0.00015999999999394,80.61039,0.65553000000001
247,4940.0,80.6104,0.65552,80.61039,0.65553000000001
248,4960.0,80.6104,0.00015999999999394,83.88721,0.65554
249,4980.0,100.27144,0.65555,113.37886,1.31094
250,5000.0,111.41274,0.65558,108.79125,1.31096
251,5020.0,108.79127,1.31095,109.44662,1.96631
252,5040.0,108.79127,1.31095,109.44662,1.31096
253,5060.0,-39.97545,1.31095,109.44662,1.31096
254,5080.0,110.10199,1.31095,110.10198,1.31096
255,5100.0,110.10199,0.6556,110.10198,1.31097
256,5120.0,110.10199,0.65561,110.75734,0.65562000000001
257,5140.0,110.75734,0.65561,110.75735,1.31098
258,5160.0,110.10197,0.65562,110.10198,1.31098
259,5180.0,110.75735,0.65562,110.75733,1.31099
260,5200.0,109.44663,0.65562,110.10198,1.31099
261,5220.0,109.44663,0.65563,109.44662,1.311
262,5240.0,109.44662,0.65562,109.44661,0.65563
263,5260.0,109.44662,0.65562,107.48053,0.65562000000001
264,5280.0,89.13019,0.00022999999999485,57.6724,0.65557
265,5300.0,30.80228,0.00018000000000029,24.904,1.31088
266,5320.0,27.52552,1.31089,27.52551,1.96624
267,5340.0,26.87014,1.31086,26.87013,1.96622
268,5360.0,26.87013,1.96621,26.21476,1.96621
269,5380.0,26.21476,1.9662,25.55938,2.62156
270,5400.0,26.21475,1.96619,25.55938,2.62155
271,5420.0,25.55938,1.96618,25.55938,2.62155
272,5440.0,25.55938,1.96618,25.55937,2.62155
273,5460.0,25.55938,1.96618,26.21473,2.62154
274,5480.0,26.21474,1.96617,19.00569,2.62155
275,5500.0,-7.20913,3.27692,-33.42392,4.58764
276,5520.0,-39.97752,4.58764,-35.38993,5.24302
277,5540.0,-34.73457,4.58764,-34.73459,5.24301
278,5560.0,-34.73458,4.58764,-34.73459,4.58765
279,5580.0,-34.73459,4.58764,-34.7346,4.58765
280,5600.0,-34.73459,3.93228,-35.38997,4.58764
281,5620.0,-35.38996,3.93228,-35.38997,3.93228
282,5640.0,-35.38996,3.93228,-35.38997,3.93228
283,5660.0,-35.38996,3.2769,-35.38997,3.27692
284,5680.0,-35.38997,3.27691,-35.38997,3.27691
285,5700.0,-34.7346,2.62155,-34.7346,2.62155
286,5720.0,-37.35605,2.62155,-39.97759,3.27693
287,5740.0,-39.97758,2.62156,-39.97759,3.27692
288,5760.0,-39.97758,2.62156,-39.97759,3.27692
289,5780.0,-39.97758,2.62155,-39.97759,2.62157
290,5800.0,-39.97758,2.62156,-39.97759,2.62156
291,5820.0,-39.97758,1.9662,-39.97759,2.62156
292,5840.0,-39.97758,1.96619,-39.97759,1.9662
293,5860.0,-39.97758,1.31084,-39.97759,1.9662
294,5880.0,-39.97758,1.31084,-39.97759,1.31084
295,5900.0,-39.97758,1.31083,-39.97759,1.31084
296,5920.0,-39.97758,0.65548,-39.97759,1.31085
297,5940.0,-39.97758,0.65548,-39.97759,1.31085
298,5960.0,-39.97758,0.65548,-39.97759,0.65548
299,5980.0,-39.97758,0.00011999999999546,-39.97759,0.65548
300,6000.0,-39.97758,0.00010999999999939,-39.97759,0.65548
301,6020.0,-39.97758,0.00010999999999939,-39.97759,0.65548
302,6040.0,-39.97758,-0.65524000000001,-39.97759,-0.65523
303,6060.0,-39.97758,-1.96594,-39.97758,-3.27663
304,6080.0,-39.97756,-4.58734,-39.97757,-4.58733
305,6100.0,-39.97756,-5.24269,-39.97757,-4.58733
306,6120.0,-39.97756,-5.2427,-39.97756,-4.58733
307,6140.0,-39.97755,-5.2427,-39.97755,-4.58733
308,6160.0,-15.729,-5.24273,5.89826,-5.24274
309,6180.0,8.51979,-5.89811,2.62143,-5.24274
310,6200.0,-0.65544000000001,-5.24274,-7.0000000000903e-05,-4.58738
311,6220.0,0.6553,-4.5874,-7.9999999996971e-05,-4.58738
312,6240.0,-7.0000000000903e-05,-4.58739,-7.9999999996971e-05,-3.93203
313,6260.0,-8.0000000004077e-05,-4.5874,-9.0000000000146e-05,-3.93203
314,6280.0,-9.0000000000146e-05,-3.93204,-9.0000000000146e-05,-3.27668
315,6300.0,-9.0000000000146e-05,-3.93204,-0.65546,-3.27668
316,6320.0,-0.65545,-3.27669,-0.65547,-3.27668
317,6340.0,-1.31082,-3.27669,-1.31083,-2.62132
318,6360.0,-1.31083,-2.62132,-1.9662,-2.62132
319,6380.0,-1.96619,-2.62133,-1.9662,-1.96596
320,6400.0,-2.62155,-1.96597,-2.62156,-1.96596
321,6420.0,-2.62156,-2.62133,-2.62156,-1.96596
322,6440.0,-2.62155,-1.96597,-2.62156,-1.31061
323,6460.0,-3.27691,-1.96598,-3.27692,-1.31061
324,6480.0,-2.62155,-1.31062,8.51973,-0.65526
325,6500.0,26.21475,-0.65528,30.80234,-0.65526
326,6520.0,29.4916,-0.65527,28.83623,0.00010000000000332
327,6540.0,28.83624,-0.65527,28.83623,0.00011000000000649
328,6560.0,28.83624,-0.65526000000001,28.83623,-0.65525
329,6580.0,29.4916,-1.3106,29.4916,-1.31058
330,6600.0,30.14697,-1.96594,29.4916,-1.96592
331,6620.0,29.49161,-2.62129,29.4916,-2.62128
332,6640.0,30.14697,-2.62128,30.14696,-2.62127
333,6660.0,30.14697,-2.62128,30.14695,-1.96591
334,6680.0,30.80233,-1.96592,44.56505,-1.96591
335,6700.0,55.70637,-1.96592,54.39562,-1.31055
336,6720.0,53.08488,-1.31055,53.08487,-0.65517999999999
337,6740.0,53.08487,-1.31056,53.08486,-0.65519
338,6760.0,53.08487,-0.6552,53.08486,0.00018000000000029
339,6780.0,53.08486,-0.6552,53.74022,0.00018000000000029
340,6800.0,53.74023,-0.65519,54.39558,0.00018000000000029
341,6820.0,54.39559,0.00018000000000029,54.39559,0.00019000000000347
342,6840.0,54.3956,-0.65518,55.05096,0.00019000000000347
343,6860.0,55.70632,-0.65518,55.70631,0.00019000000000347
344,6880.0,55.70632,-0.65518,55.70632,-0.65516
345,6900.0,55.70632,-0.65517000000001,55.70632,0.00020000000000664
346,6920.0,55.70633,-0.65517000000001,55.70632,0.00021000000000271
347,6940.0,56.3617,-1.31052,55.70633,-0.65516
348,6960.0,56.3617,-1.31052,56.36169,-0.65515
349,6980.0,56.3617,-1.31052,56.36169,-0.65515
350,7000.0,56.3617,-1.31051,62.25999,-0.65514
351,7020.0,69.46909,-1.31051,68.81371,-1.31051
352,7040.0,67.50299,-1.31051,68.15834,-0.65514
353,7060.0,68.15835,-0.65515000000001,68.15834,-0.65514
354,7080.0,68.15834,-0.65514,67.50297,-0.65513
355,7100.0,68.15834,-1.3105,67.50297,-0.65513
356,7120.0,68.15834,-1.3105,68.15833,-1.31049
357,7140.0,67.50298,-1.3105,67.50297,-0.65512
358,7160.0,67.50298,-1.3105,66.84761,-0.65513
359,7180.0,69.46907,-1.31049,83.23182,0.00025000000000119
360,7200.0,95.68386,0.00025999999999726,98.96071,0.65564000000001
361,7220.0,96.9946,0.00027000000000044,96.9946,0.65564000000001
362,7240.0,97.64997,0.00027000000000044,97.64995,0.65564000000001
363,7260.0,97.64997,0.65564,97.64997,0.65565
364,7280.0,97.64997,0.00027999999999651,97.64997,0.65565
365,7300.0,97.64998,0.00027999999999651,97.64996,0.65566
366,7320.0,97.64997,0.00028999999999968,97.64996,0.65566
367,7340.0,97.64997,0.00028999999999968,97.64996,0.65566
368,7360.0,98.30532,0.00028999999999968,98.30531,0.00030000000000285
369,7380.0,98.30532,0.00028999999999968,98.3053,0.65566
370,7400.0,98.96067,0.00028999999999968,98.96067,0.65566
371,7420.0,98.30531,0.00028999999999968,98.3053,0.65566
372,7440.0,99.61603,0.65564999999999,110.10193,0.65569000000001
373,7460.0,122.55398,0.65571,123.86469,0.65572
374,7480.0,121.89858,0.65571,121.89857,0.65572
375,7500.0,122.55395,0.65571,122.55394,0.65572
376,7520.0,122.55394,0.00034999999999741,122.55394,0.65573000000001
377,7540.0,122.55395,0.00034999999999741,122.55395,0.65573000000001
378,7560.0,122.55395,0.00036000000000058,122.55395,0.65573000000001
379,7580.0,122.55396,0.00036000000000058,122.55395,0.00037000000000376
380,7600.0,122.55396,0.00036000000000058,122.55395,0.00037000000000376
381,7620.0,122.55396,-0.655,122.55395,0.00037000000000376
382,7640.0,122.55396,-0.655,122.55396,0.00037000000000376
383,7660.0,122.55396,-0.655,122.55396,0.00037000000000376
384,7680.0,122.55396,-0.655,123.20932,0.00037000000000376
385,7700.0,123.20933,-0.65501,123.20933,0.00037000000000376
386,7720.0,123.20934,-0.655,123.20933,0.00037000000000376
387,7740.0,123.20934,-0.655,123.20934,0.00037000000000376
388,7760.0,123.20935,0.00036000000000058,122.55398,0.65573000000001
389,7780.0,122.55399,0.65572,122.55398,1.31108
390,7800.0,122.55399,1.31107,111.41275,2.62178
391,7820.0,79.2996,1.96635,39.322,2.62169
392,7840.0,3.93217,3.27705,-9.83055,4.58774
393,7860.0,-7.20904,4.58776,-6.55365,5.89847
394,7880.0,-6.55367,6.5538,-7.20903,6.55381
395,7900.0,-7.20901,6.5538,-7.20902,7.20917
396,7920.0,-7.20901,7.20916,-7.20901,7.86452
397,7940.0,-7.86437,7.86452,-7.20901,8.51988
398,7960.0,-6.55364,7.86452,-6.55365,8.51989
399,7980.0,-6.55364,8.51988,-6.55364,8.51988
400,8000.0,-5.89827,8.51987,-5.89828,8.51988
401,8020.0,-5.89827,7.86451,-5.24292,8.51987
402,8040.0,-17.03957,9.17525,-36.70067,10.48597
403,8060.0,-39.97751,10.48596,-36.0453,11.14134
404,8080.0,-34.73458,10.48597,-35.38996,11.14134
405,8100.0,-35.38994,11.14133,-34.73459,11.14134
406,8120.0,-34.73458,10.48598,-34.07923,11.14135
407,8140.0,-34.07922,9.83062,-34.07923,11.14136
408,8160.0,-34.07922,10.48598,-33.42387,9.83064
409,8180.0,-34.07922,9.83062,-33.42388,9.83064
410,8200.0,-33.42387,9.17527,-32.76851,9.17528
411,8220.0,-36.70069,9.17528,-39.97759,9.83066
412,8240.0,-39.97758,9.17529,-39.97759,9.1753
413,8260.0,-39.97758,9.17529,-39.97759,9.17531
414,8280.0,-39.97758,9.1753,-39.97759,9.17531
415,8300.0,-39.97758,8.51995,-39.97759,8.51995
416,8320.0,-39.97758,7.86459,-39.97759,7.8646
417,8340.0,-39.97758,7.86459,-39.97759,7.8646
418,8360.0,-39.97758,7.20923,-39.97759,7.8646
419,8380.0,-39.97758,7.20924,-39.97759,7.20925
420,8400.0,-39.97758,6.55388,-39.97759,7.20925
421,8420.0,-39.97758,5.89852,-39.97759,6.55389
422,8440.0,-39.97758,5.89852,-39.97759,5.89853
423,8460.0,-39.97758,5.24317,-39.97759,5.24318
424,8480.0,-39.97758,5.24317,-39.97759,5.24318
425,8500.0,-39.97758,4.58781,-39.97759,4.58782
426,8520.0,-39.97758,3.93245,-39.97759,4.58782
427,8540.0,-34.73463,3.93243,-11.14137,3.27705
428,8560.0,-1.96612,2.62167,-3.2769,3.27704
429,8580.0,-3.93228,2.62168,-3.93227,3.27704
430,8600.0,-3.93227,3.27704,-3.27692,3.27704
431,8620.0,-3.93227,2.62168,-3.27693,3.27704
432,8640.0,-3.93227,2.62168,-3.93228,3.27705
433,8660.0,-3.93228,2.62168,-3.93229,3.27704
434,8680.0,-3.93227,2.62168,-3.93228,2.62168
435,8700.0,-3.93228,2.62167,-3.93229,2.62167
436,8720.0,-3.93229,2.62166,-1.9662,2.62166
437,8740.0,3.93214,1.96628,8.51974,1.96628
438,8760.0,8.51974,2.62162,8.51973,2.62164
439,8780.0,8.51975,2.62162,8.51974,2.62163
440,8800.0,9.17512,1.96626,9.83048,2.62162
441,8820.0,10.48586,2.62162,11.14123,2.62163
442,8840.0,12.45198,1.96625,14.41806,2.62162
443,8860.0,15.07344,1.96625,16.38417,1.96626
444,8880.0,17.03955,1.96625,17.69491,1.96626
445,8900.0,17.69492,1.96625,19.66101,1.96626
446,8920.0,30.14692,1.96625,37.35601,1.96626
447,8940.0,37.35602,1.96625,36.04527,2.62162
448,8960.0,36.04529,1.96624,36.04529,2.62162
449,8980.0,36.0453,1.96624,36.70067,1.96625
450,9000.0,38.0114,1.96625,38.66677,2.62161
451,9020.0,39.32214,1.96625,39.97751,2.62161
452,9040.0,40.63288,1.31089,40.63287,1.96626
453,9060.0,40.63289,1.31088,40.63288,1.96626
454,9080.0,39.97752,1.31089,39.32215,1.96626
455,9100.0,38.66679,1.31088,38.01142,1.96626
456,9120.0,38.01142,0.65553,41.94363,1.3109
457,9140.0,50.46346,0.00016999999999712,51.77419,0.65554
458,9160.0,51.7742,0.00018000000000029,51.77419,0.65554
459,9180.0,51.7742,0.00016999999999712,51.7742,0.00018000000000029
460,9200.0,51.7742,0.00018000000000029,51.77419,0.00019000000000347
461,9220.0,51.7742,-0.65518,51.77419,-0.65517
462,9240.0,51.7742,-0.65518,51.77418,0.00019000000000347
463,9260.0,51.11884,-0.65518,50.46346,0.00019000000000347
464,9280.0,50.46346,-1.31054,53.74028,-0.65516
465,9300.0,66.19233,-0.65517000000001,70.77992,-0.65515
466,9320.0,69.46918,-0.65516,68.8138,0.00021000000000271
467,9340.0,69.46917,-0.65516,69.46916,-0.65516
468,9360.0,68.81381,-0.65516,68.8138,-0.65515
469,9380.0,68.8138,-0.65516,68.81379,-0.65516
470,9400.0,68.8138,-1.31052,68.81379,-1.31051
471,9420.0,68.81378,-1.96588,68.81377,-1.31052
472,9440.0,68.15841,-1.31053,68.1584,-1.31052
473,9460.0,68.15841,-1.96589,68.81376,-1.31053
474,9480.0,68.1584,-1.96589,72.74595,-0.65516
475,9500.0,87.16408,-0.65515000000001,101.58221,0.00025000000000119
476,9520.0,104.85909,-0.65512,102.89295,0.00025000000000119
477,9540.0,102.89296,-0.65511,103.54832,0.00026000000000437
478,9560.0,103.54833,-0.6551,104.20368,0.00026000000000437
479,9580.0,104.20368,-0.65511,103.54832,-0.6551
480,9600.0,104.20369,-0.65511,104.20368,-0.6551
481,9620.0,104.85905,-1.31047,104.85904,-0.6551
482,9640.0,104.20369,-1.31047,104.20369,-0.6551
483,9660.0,104.85906,-1.31046,104.85905,-1.31045
484,9680.0,105.51442,-1.31046,105.51441,-1.31045
485,9700.0,105.51442,-1.96582,105.5144,-1.31045
486,9720.0,105.51441,-1.96582,105.5144,-1.96581
487,9740.0,111.41273,-1.9658,125.17549,-1.96577
488,9760.0,129.10773,-2.62112,127.1416,-1.96576
489,9780.0,125.83086,-1.96577,127.14158,-1.96576
490,9800.0,127.14159,-1.96577,127.14158,-1.96576
491,9820.0,127.14159,-2.62113,127.14158,-1.96576
492,9840.0,126.48623,-2.62113,127.14159,-2.62112
493,9860.0,127.14159,-2.62113,126.48622,-1.96576
494,9880.0,126.48623,-2.62113,126.48622,-2.62112
495,9900.0,126.48624,-2.62113,126.48623,-2.62112
496,9920.0,126.48624,-2.62114,126.48623,-2.62112
497,9940.0,126.48624,-2.62113,126.48623,-2.62112
498,9960.0,126.48625,-2.62114,125.83088,-2.62113
499,9980.0,125.83088,-3.2765,126.48623,-2.62112
500,10000.0,125.83089,-3.2765,125.83088,-2.62113
501,10020.0,125.83089,-3.2765,125.83088,-3.27649
502,10040.0,125.83089,-3.93186,125.83088,-3.2765
503,10060.0,125.83089,-3.93186,126.48624,-3.2765
504,10080.0,126.48624,-3.93186,126.48623,-3.2765
505,10100.0,127.14161,-3.27651,126.48623,-2.62114
506,10120.0,127.1416,-3.27652,126.48623,-2.62115
507,10140.0,126.48624,-3.27651,127.1416,-2.62115
508,10160.0,127.1416,-3.27652,127.14159,-2.62115
509,10180.0,127.1416,-3.27651,127.1416,-2.62114
510,10200.0,127.14161,-3.27651,126.48624,-3.27651
511,10220.0,126.48625,-3.93187,127.1416,-3.27651
512,10240.0,127.79697,-3.93187,127.79697,-3.2765
513,10260.0,127.79697,-3.27651,127.79697,-3.27651
514,10280.0,127.79699,-3.93187,127.79699,-3.93186
515,10300.0,127.797,-4.58722,128.45235,-3.93186
516,10320.0,126.48627,-4.58723,102.23759,-3.9319
517,10340.0,55.70632,-3.93196,7.20898,-1.96587
518,10360.0,-17.695,-1.96589,-15.07346,-0.65517
519,10380.0,-12.45195,-0.65517000000001,-13.10735,0.00018000000000029
520,10400.0,-13.10735,0.00016999999999712,-12.45198,0.65554
521,10420.0,-12.45198,0.00015999999999394,-12.45199,0.65553000000001
522,10440.0,-12.45198,0.00015999999999394,-12.45199,0.65552
523,10460.0,-12.45198,0.00014999999999787,-12.45199,0.65552
524,10480.0,-12.45198,0.00014999999999787,-12.45199,0.65552
525,10500.0,-12.45197,0.00014999999999787,-11.79663,0.65551000000001
526,10520.0,-12.45197,0.0001399999999947,-12.45198,0.00015000000000498
527,10540.0,-20.97179,0.00016999999999712,-33.42381,0.65553000000001
528,10560.0,-30.14697,0.65551,-26.87014,0.65553000000001
529,10580.0,-27.52549,0.65551,-26.87015,0.65552
530,10600.0,-26.87013,0.00014999999999787,-26.87014,0.65552
531,10620.0,-26.21477,0.00014999999999787,-26.87013,0.65552
532,10640.0,-26.87013,0.00014999999999787,-26.21478,0.00016000000000105
533,10660.0,-26.87012,0.00014999999999787,-26.21477,0.00016000000000105
534,10680.0,-26.21476,-0.65521,-26.21477,0.00016000000000105
535,10700.0,-26.87012,-0.65521,-26.21476,-0.65521
536,10720.0,-26.21476,-0.65521,-26.21477,-0.65521
537,10740.0,-25.55941,-1.31058,-25.55942,-0.65521
538,10760.0,-25.55942,-0.65522,-25.55942,-0.65521
539,10780.0,-25.55941,-1.31058,-24.90407,-0.65522
540,10800.0,-25.55941,-0.65522,-24.90406,-0.65521
541,10820.0,-24.90405,-1.31058,-24.90406,-0.65521
542,10840.0,-24.90404,-1.31057,-24.2487,-1.31056
543,10860.0,-24.24868,-1.31058,-24.24869,-1.31056
544,10880.0,-24.24868,-1.96593,-23.59333,-1.31056
545,10900.0,-23.59332,-1.96593,-23.59332,-1.96592
546,10920.0,-23.59331,-1.96593,-23.59333,-1.96592
547,10940.0,-23.59332,-1.96593,-24.24868,-1.31056
548,10960.0,-23.59331,-1.96593,-22.93796,-1.96592
549,10980.0,-23.59332,-1.96593,-23.59333,-1.96592
550,11000.0,-23.59332,-2.62129,-22.28261,-1.31056
551,11020.0,-5.89836,-1.96594,22.28253,-1.96596
552,11040.0,26.21482,-3.27668,20.97184,-1.96595
553,11060.0,20.31647,-2.62131,20.97184,-1.96594
554,11080.0,21.6272,-1.96595,20.97183,-1.96594
555,11100.0,20.97184,-2.62131,21.62719,-1.96595
556,11120.0,21.62719,-2.62131,21.62719,-1.96594
557,11140.0,21.6272,-2.62131,21.62719,-2.6213
558,11160.0,21.62719,-2.62131,22.28255,-2.6213
559,11180.0,22.28256,-3.27666,22.28256,-3.27666
560,11200.0,22.93792,-3.27666,22.93791,-3.27665
561,11220.0,22.93793,-3.27666,23.59328,-3.27665
562,11240.0,22.28257,-3.93202,13.10742,-3.27665
563,11260.0,8.51983,-3.93203,11.79666,-2.6213
564,11280.0,12.45204,-3.27666,12.45202,-3.27666
565,11300.0,12.45203,-3.27666,12.45203,-3.27665
566,11320.0,12.45203,-3.93202,12.45203,-3.27665
567,11340.0,12.45204,-3.27666,12.45203,-3.27665
568,11360.0,12.45203,-4.58738,12.45202,-3.27665
569,11380.0,12.45203,-3.93201,12.45201,-3.93201
570,11400.0,12.45202,-3.93202,11.79664,-3.93202
571,11420.0,15.72883,-3.93202,34.73452,-3.27666
572,11440.0,49.80803,-3.93203,53.08489,-3.27666
573,11460.0,51.11878,-3.27667,51.11876,-2.6213
574,11480.0,-39.97627,-2.62131,51.11877,-2.62131
575,11500.0,51.11876,-3.27667,51.11876,-2.6213
576,11520.0,51.11876,-3.27667,51.11875,-2.6213
577,11540.0,51.11876,-2.62131,51.11876,-2.62131
578,11560.0,51.11876,-3.27667,51.77411,-3.27667
579,11580.0,51.11876,-3.27667,51.11875,-2.62131
580,11600.0,51.11876,-3.27667,51.77411,-3.27667
581,11620.0,51.77412,-3.93203,51.11875,-3.27666
582,11640.0,51.77412,-3.93203,51.77412,-3.27667
583,11660.0,51.77413,-3.93203,51.77412,-3.93202
584,11680.0,51.77413,-4.58739,51.77412,-3.93202
585,11700.0,51.77413,-3.93203,51.77412,-3.93202
586,11720.0,51.77413,-4.58739,51.77413,-4.58738
587,11740.0,51.77413,-5.24274,52.42949,-4.58738
588,11760.0,51.77414,-5.24274,52.42949,-4.58738
589,11780.0,52.42949,-5.24274,52.42949,-4.58738
590,11800.0,52.4295,-4.58738,51.77413,-4.58737
591,11820.0,52.4295,-5.24274,51.77413,-5.24274
592,11840.0,51.77414,-5.24274,51.77414,-5.24273
593,11860.0,52.4295,-5.24274,52.4295,-5.24273
594,11880.0,62.26002,-5.24273,77.33354,-4.58735
595,11900.0,78.6443,-5.89808,76.67817,-4.58735
596,11920.0,77.33354,-5.24271,77.33354,-4.58735
597,11940.0,77.33354,-5.24271,77.9889,-4.58735
598,11960.0,77.98891,-5.89807,77.33354,-5.2427
599,11980.0,77.98891,-5.89807,77.9889,-5.89806
600,12000.0,77.98891,-5.89807,77.98891,-5.89806
601,12020.0,78.64428,-5.89806,77.98891,-5.89806
602,12040.0,77.98892,-5.89806,78.64427,-5.89806
603,12060.0,78.64428,-6.55342,77.98891,-5.89806
604,12080.0,78.64427,-6.55342,78.64427,-5.89806
605,12100.0,78.64427,-6.55343,85.8533,-5.24269
606,12120.0,99.61607,-5.24268,107.48052,-4.58729
607,12140.0,106.16976,-4.58731,105.51437,-3.93194
608,12160.0,105.51438,-4.5873,105.51437,-4.5873
609,12180.0,104.85902,-4.58731,105.51437,-4.58729
610,12200.0,105.51437,-5.24266,105.51436,-4.5873
611,12220.0,105.51437,-4.5873,105.51436,-4.5873
612,12240.0,105.51437,-4.5873,105.51435,-4.5873
613,12260.0,105.51436,-5.24266,105.51435,-4.5873
614,12280.0,105.51436,-4.58731,105.51435,-4.5873
615,12300.0,105.51435,-4.58731,105.51435,-4.5873
616,12320.0,105.51436,-4.5873,105.51435,-4.5873
617,12340.0,105.51436,-4.58731,105.51434,-3.93194
618,12360.0,105.51435,-4.58731,104.20362,-3.93195
619,12380.0,83.23183,-3.93197,42.59885,-0.65522
620,12400.0,-0.65551000000001,0.65549,-17.69505,2.62155
621,12420.0,-15.72888,3.93225,-15.07348,6.55367
622,12440.0,-16.38424,7.86436,-17.0396,9.83044
623,12460.0,-17.03958,11.14115,-17.69494,12.45187
624,12480.0,-18.35029,13.10722,-19.00564,13.76259
625,12500.0,-19.00563,13.76259,-18.35027,15.07332
626,12520.0,-18.35026,14.41796,-18.35027,15.07333
627,12540.0,-18.35025,15.07332,-18.35026,16.38405
628,12560.0,-18.35025,16.38405,-18.35025,17.03941
629,12580.0,-18.35024,17.03941,-17.69488,17.69478
630,12600.0,-17.69487,17.03941,-24.24856,17.69479
631,12620.0,-31.45764,17.69478,-28.83617,17.69478
632,12640.0,-26.21469,17.69478,-26.87007,18.35015
633,12660.0,-26.87005,17.69479,-26.87007,17.6948
634,12680.0,-26.87006,17.69479,-26.21471,17.6948
635,12700.0,-26.2147,17.6948,-26.21471,17.69481
636,12720.0,-26.87005,17.6948,-26.87006,17.6948
637,12740.0,-26.87005,17.6948,-39.97727,17.6948
638,12760.0,-26.87006,17.6948,-26.21471,17.69481
639,12780.0,-26.2147,17.03945,-26.2147,17.03945
640,12800.0,-26.2147,16.38408,-26.87007,15.72873
641,12820.0,-26.21471,15.07336,-26.21472,15.72872
642,12840.0,-26.21471,15.07335,-26.21472,15.07336
643,12860.0,-26.2147,14.41798,-26.87007,15.07335
644,12880.0,-25.55934,13.76263,-26.21471,13.76263
645,12900.0,-26.2147,13.10727,-25.55935,13.76264
646,12920.0,-25.55933,12.45192,-25.55934,13.10728
647,12940.0,-24.90398,11.79656,-24.90398,12.45192
648,12960.0,-24.90397,11.79656,-24.24861,11.14121
649,12980.0,-24.24861,11.1412,-24.24862,11.1412
650,13000.0,-23.59325,9.83048,-23.59326,10.48585
651,13020.0,-23.59325,9.83049,-22.9379,9.8305
652,13040.0,-22.93789,8.51977,-21.62717,7.20904
653,13060.0,-20.31641,6.55368,-19.66107,6.55369
654,13080.0,-19.66106,5.89832,-19.66107,6.55369
655,13100.0,-19.66106,6.55368,-19.66107,6.55369
656,13120.0,-19.66105,6.55368,-19.0057,6.55369
657,13140.0,-19.00569,6.55369,-18.35034,6.55369
658,13160.0,-18.35033,6.55369,-18.35033,6.5537
659,13180.0,-18.35033,5.89833,-18.35033,5.89834
660,13200.0,-18.35033,4.58761,-18.35033,5.24298
661,13220.0,-16.38422,4.58762,0.6554,4.5876
662,13240.0,22.28261,3.93222,27.52561,3.93223
663,13260.0,25.5595,3.93222,24.90413,3.93223
664,13280.0,25.55951,3.27686,24.90414,3.27687
665,13300.0,25.55951,3.27686,25.5595,3.27688
666,13320.0,25.55951,2.62151,25.5595,2.62151
667,13340.0,26.21487,1.96615,25.5595,2.62152
668,13360.0,26.21487,1.31079,26.21486,1.96616
669,13380.0,26.21487,1.31079,26.21486,1.3108
670,13400.0,26.21487,0.65544,28.18096,0.65545
671,13420.0,45.22055,-1.31063,57.01722,-0.65526999999999
672,13440.0,56.36184,-1.96598,53.74036,-1.96597
673,13460.0,54.39572,-1.96598,54.39571,-1.96597
674,13480.0,54.39572,-1.96597,54.39571,-1.96596
675,13500.0,55.05107,-1.96596,55.05106,-1.96596
676,13520.0,55.05107,-2.62132,55.05107,-2.62131
677,13540.0,55.05107,-3.27667,55.70643,-3.27666
678,13560.0,55.70644,-3.27666,55.70643,-3.27665
679,13580.0,55.70644,-3.93202,56.3618,-3.93201
680,13600.0,56.36181,-4.58737,56.3618,-4.58736
681,13620.0,56.36181,-4.58736,56.36181,-4.58736
682,13640.0,56.36182,-5.24272,55.70643,-5.24271
683,13660.0,46.53128,-5.24272,44.56517,-4.58736
684,13680.0,47.18664,-5.24271,47.18664,-5.2427
685,13700.0,47.18664,-5.24271,47.18663,-5.89806
686,13720.0,47.842,-5.89807,47.842,-5.89805
687,13740.0,47.842,-6.55342,47.842,-5.89805
688,13760.0,48.49737,-6.55341,47.842,-6.5534
689,13780.0,48.49737,-7.20877,48.49736,-7.20876
690,13800.0,48.49738,-7.86413,48.49737,-7.20876
691,13820.0,48.49738,-7.86412,49.15273,-7.86411
692,13840.0,49.15274,-8.51948,48.49736,-7.8641
693,13860.0,48.49738,-8.51947,49.15274,-8.51946
694,13880.0,49.15275,-9.17482,38.66684,-7.86408
695,13900.0,17.69502,-7.86409,10.48594,-7.20874
696,13920.0,13.76284,-7.20873,15.07356,-7.20872
697,13940.0,14.41819,-7.20874,15.07354,-7.20873
698,13960.0,15.07356,-7.86409,15.07354,-7.20872
699,13980.0,15.72892,-7.86409,15.72891,-7.86409
700,14000.0,15.72892,-7.8641,15.72891,-7.86409
701,14020.0,15.72891,-8.51946,15.72891,-7.86409
702,14040.0,15.72892,-8.51945,16.38428,-8.51944
703,14060.0,16.38428,-9.17481,16.38428,-8.51944
704,14080.0,16.38429,-9.17481,16.38428,-8.51944
705,14100.0,16.38429,-9.17481,17.03964,-9.1748
706,14120.0,16.3843,-9.17481,17.03965,-9.1748
707,14140.0,17.03966,-9.83017,17.03964,-9.1748
708,14160.0,17.695,-9.17481,17.03963,-9.17481
709,14180.0,17.03964,-9.17481,17.69499,-8.51945
710,14200.0,17.69499,-9.17481,17.03963,-9.1748
711,14220.0,17.69499,-9.83017,17.03962,-9.17481
712,14240.0,18.35035,-9.17481,34.07917,-9.1748
713,14260.0,55.05103,-9.83016,61.60475,-9.83015
714,14280.0,57.67253,-9.83016,57.01715,-9.17478
715,14300.0,57.67253,-9.83015,58.32788,-9.83014
716,14320.0,58.32789,-9.83015,58.32788,-9.83015
717,14340.0,58.32789,-10.48552,58.98324,-9.83015
718,14360.0,58.98325,-10.48551,58.98325,-10.48551
719,14380.0,58.98326,-10.48551,58.3279,-10.4855
720,14400.0,58.98326,-11.14087,59.63862,-10.4855
721,14420.0,59.63863,-11.14087,59.63862,-11.14086
722,14440.0,59.63863,-11.14087,59.63862,-11.14086
723,14460.0,59.63864,-11.14087,59.63863,-11.14086
724,14480.0,59.63864,-11.14087,59.63863,-11.14086
725,14500.0,59.63864,-11.79622,59.63864,-11.14086
726,14520.0,59.63864,-11.14087,59.63863,-11.14086
727,14540.0,59.63864,-11.14086,59.63863,-11.14086
728,14560.0,59.63864,-11.14086,59.63864,-11.14086
729,14580.0,58.98328,-11.79622,58.98328,-11.14086
730,14600.0,58.98328,-11.14086,58.98327,-11.14086
731,14620.0,58.98329,-11.79622,58.98327,-11.14085
732,14640.0,58.32792,-11.79622,58.32792,-11.14085
733,14660.0,58.32792,-11.79622,58.32791,-11.79622
734,14680.0,58.32792,-11.79622,58.32792,-11.79621
735,14700.0,57.67257,-11.79622,57.67256,-11.79621
736,14720.0,57.67256,-11.79623,62.91547,-11.7962
737,14740.0,80.61046,-11.7962,89.13028,-11.14083
738,14760.0,90.44102,-11.14083,89.78562,-10.48546
739,14780.0,89.78564,-11.14083,89.78563,-10.48547
740,14800.0,89.78563,-11.14083,89.78563,-10.48547
741,14820.0,89.78563,-11.14084,89.78563,-10.48546
742,14840.0,89.78563,-11.14083,89.78562,-11.14082
743,14860.0,90.44098,-11.14083,90.44097,-10.48547
744,14880.0,90.44098,-11.14084,91.09632,-10.48547
745,14900.0,90.44097,-10.48547,90.44096,-10.48547
746,14920.0,90.44096,-10.48548,90.44096,-10.48547
747,14940.0,90.44096,-10.48548,90.44095,-9.83011
748,14960.0,90.44096,-10.48547,90.44095,-9.8301
749,14980.0,90.44096,-10.48547,90.44095,-9.8301
750,15000.0,90.44096,-9.8301,100.92685,-9.17471
751,15020.0,112.72353,-9.1747,114.68964,-8.51932
752,15040.0,112.72353,-9.17469,113.37888,-8.51932
753,15060.0,113.37889,-8.51933,112.72353,-8.51932
754,15080.0,112.72354,-9.17469,113.37889,-8.51931
755,15100.0,113.3789,-9.83004,113.37889,-9.17467
756,15120.0,113.37891,-9.17468,113.37889,-9.83003
757,15140.0,114.03426,-9.83003,114.03425,-9.83003
758,15160.0,114.03427,-9.83003,113.37889,-9.83002
759,15180.0,113.37891,-10.48539,113.37889,-9.17466
760,15200.0,113.37891,-9.83003,121.24332,-9.17464
761,15220.0,133.04,-9.17462,135.00609,-9.1746
762,15240.0,134.35072,-9.17461,133.69535,-9.17461
763,15260.0,133.69536,-9.17461,134.35071,-9.1746
764,15280.0,134.35072,-9.82996,134.35071,-9.82995
765,15300.0,135.00609,-10.48531,135.00608,-10.4853
766,15320.0,134.35073,-11.14066,135.00608,-10.48529
767,15340.0,135.00609,-11.14066,135.00608,-10.48529
768,15360.0,135.00609,-11.14066,134.35072,-11.14065
769,15380.0,141.55976,-10.48527,153.3564,-9.82987
770,15400.0,159.25474,-10.48522,157.94397,-9.82985
771,15420.0,156.63324,-9.82987,157.2886,-9.82986
772,15440.0,157.28861,-10.48523,157.2886,-9.82986
773,15460.0,156.63325,-9.82987,156.63324,-9.82986
774,15480.0,157.2886,-9.82987,157.2886,-9.82986
775,15500.0,157.28861,-9.82987,156.63324,-9.1745
776,15520.0,156.63325,-9.82987,156.63323,-9.17451
777,15540.0,156.63324,-9.17451,156.63323,-8.51915
778,15560.0,156.63324,-9.17452,157.28859,-8.51916
779,15580.0,157.28859,-8.51917,157.28858,-8.51916
780,15600.0,157.28858,-8.51918,157.28857,-7.86381
781,15620.0,157.28858,-8.51918,156.63321,-7.86381
782,15640.0,157.28858,-8.51918,157.28857,-7.86381
783,15660.0,157.28858,-7.86382,157.28857,-7.86381
784,15680.0,157.94394,-8.51918,157.94394,-8.51916
785,15700.0,157.94394,-8.51917,157.94393,-8.51916
786,15720.0,157.94395,-9.17453,157.94394,-8.51916
787,15740.0,158.5993,-9.17453,158.5993,-9.17452
788,15760.0,158.59931,-10.48524,158.59931,-9.17452
789,15780.0,158.59931,-9.82988,142.21512,-9.82989
790,15800.0,100.92686,-10.48534,51.11875,-9.82998
791,15820.0,10.48595,-9.17463,-5.89819,-9.17465
792,15840.0,-2.6213,-9.83001,0.00014999999999787,-8.51929
793,15860.0,-0.65523,-8.51932,-0.65524,-8.51932
794,15880.0,-0.65523,-8.51933,-0.65525,-7.86398
795,15900.0,-0.65524000000001,-8.51934,-0.65525,-8.51934
796,15920.0,-0.65524000000001,-8.51935,-0.65525,-8.51935
797,15940.0,-0.65524000000001,-9.17472,-0.65525,-8.51935
798,15960.0,-0.65525,-9.17473,0.00010999999999939,-8.51936
799,15980.0,0.00010999999999939,-9.17474,0.00010000000000332,-8.51938
800,16000.0,9.9999999996214e-05,-8.51939,0.00010000000000332,-8.51938
801,16020.0,9.9999999996214e-05,-8.51939,0.00010000000000332,-7.86403
802,16040.0,0.00010999999999939,-8.5194,-1.966,-8.51938
803,16060.0,-7.20897,-9.83012,-7.86434,-8.51939
804,16080.0,-5.89824,-9.17476,-5.89825,-8.5194
805,16100.0,-5.89824,-9.17477,-5.89825,-8.5194
806,16120.0,-5.89824,-9.17477,-5.89825,-8.5194
807,16140.0,-5.89825,-9.83013,-5.89825,-9.17477
808,16160.0,-5.89825,-9.83013,-5.89825,-9.17476
809,16180.0,-5.89824,-9.83012,-5.89825,-9.83012
810,16200.0,-5.89824,-10.48549,-5.89825,-9.83012
811,16220.0,-5.89824,-10.48549,-5.24289,-9.83012
812,16240.0,-5.24289,-10.48549,-5.2429,-10.48548
813,16260.0,-5.24289,-10.48549,-5.2429,-10.48549
814,16280.0,-5.2429,-10.48549,-5.24291,-10.48549
815,16300.0,-5.2429,-10.48549,-4.58755,-10.48548
816,16320.0,-4.58754,-11.14085,-5.2429,-11.14084
817,16340.0,-4.58753,-11.14084,-4.58754,-11.14084
818,16360.0,-4.58753,-11.14084,-3.93217,-11.79619
819,16380.0,-3.93215,-11.7962,-3.93216,-12.45154
820,16400.0,-3.27678,-12.45155,-3.93215,-12.45154
821,16420.0,-3.93215,-13.10691,-3.93215,-12.45154
822,16440.0,-3.93214,-13.1069,-3.93214,-13.1069
823,16460.0,-3.27678,-13.76226,-3.27679,-13.76226
824,16480.0,-3.27678,-13.76226,-3.27679,-13.1069
825,16500.0,-3.27678,-13.76226,5.89835,-13.1069
826,16520.0,21.62724,-13.76228,28.18093,-13.76228
827,16540.0,26.87018,-13.76228,26.21481,-13.10692
828,16560.0,26.87018,-13.76229,26.87017,-13.76228
829,16580.0,26.21482,-13.76229,26.87016,-13.10692
830,16600.0,26.87018,-13.76229,26.21481,-13.10692
831,16620.0,26.87018,-13.76229,26.21481,-13.76229
832,16640.0,26.21481,-13.76229,26.21481,-13.76229
833,16660.0,26.21481,-14.41765,26.2148,-13.76228
834,16680.0,26.21482,-14.41765,26.21481,-13.76228
835,16700.0,26.21482,-14.41765,26.21481,-14.41764
836,16720.0,26.21482,-14.41765,25.55945,-14.41764
837,16740.0,31.45776,-15.073,47.84201,-14.41764
838,16760.0,58.98333,-15.07299,57.67257,-15.07299
839,16780.0,56.36183,-15.07299,56.36183,-14.41762
840,16800.0,56.36439,-15.07299,56.36183,-15.07298
841,16820.0,56.36184,-15.07299,57.0172,-15.07298
842,16840.0,57.0172,-15.72835,56.36184,-15.07298
843,16860.0,57.01721,-16.38371,57.0172,-15.72835
844,16880.0,57.0172,-16.38371,57.01719,-15.72835
845,16900.0,57.67256,-16.38372,57.01718,-15.72836
846,16920.0,57.01719,-15.72837,57.01718,-15.72836
847,16940.0,56.36182,-15.72837,56.36181,-15.72836
848,16960.0,57.01718,-15.72837,68.81381,-15.07299
849,16980.0,86.50878,-14.41763,95.02861,-14.41761
850,17000.0,93.06248,-14.41761,91.75173,-13.76224
851,17020.0,92.4071,-14.41762,92.40709,-13.76225
852,17040.0,92.4071,-14.41761,92.40709,-14.41761
853,17060.0,91.75173,-15.07296,92.40709,-15.72831
854,17080.0,92.40711,-17.69438,-39.97562,-17.69437
855,17100.0,92.40712,-18.34972,92.40711,-19.00507
856,17120.0,92.40712,-19.00508,92.40711,-19.00506
857,17140.0,92.40711,-19.66043,92.4071,-19.66042
858,17160.0,93.06248,-20.31578,93.06247,-19.66041
859,17180.0,93.06248,-20.31579,93.06247,-20.31577
860,17200.0,93.71785,-20.97114,93.71785,-20.31576
861,17220.0,93.71785,-21.6265,93.71785,-20.97113
862,17240.0,100.92689,-20.97112,108.79134,-19.66038
863,17260.0,110.10207,-20.31575,109.44668,-19.66039
864,17280.0,109.44669,-20.31575,109.44668,-19.66039
865,17300.0,109.4467,-19.6604,110.10205,-19.6604
866,17320.0,109.4467,-19.66041,110.10204,-19.6604
867,17340.0,110.10205,-19.66041,110.10204,-19.6604
868,17360.0,110.10205,-20.31577,109.44668,-19.66041
869,17380.0,109.44668,-20.31578,109.44667,-19.66042
870,17400.0,108.79131,-20.31579,109.44665,-19.66042
871,17420.0,120.58792,-19.00504,142.21509,-17.69426
872,17440.0,153.3564,-17.69423,151.39028,-17.69422
873,17460.0,148.76881,-17.69423,149.42416,-17.03888
874,17480.0,149.42418,-17.69425,149.42417,-17.69424
875,17500.0,150.07953,-17.69424,150.07953,-17.69424
876,17520.0,150.07953,-17.69425,150.07952,-17.69424
877,17540.0,150.07953,-18.34961,150.73488,-18.3496
878,17560.0,150.73489,-18.34961,150.73487,-17.69424
879,17580.0,151.39024,-19.00498,151.39023,-17.69425
880,17600.0,151.39024,-18.34961,151.39023,-17.69425
881,17620.0,151.39024,-18.34961,151.39023,-18.34961
882,17640.0,152.0456,-18.34961,152.04559,-18.3496
883,17660.0,152.0456,-19.00498,152.04559,-18.3496
884,17680.0,152.0456,-19.00497,152.0456,-19.00496
885,17700.0,152.70096,-19.00497,152.04559,-19.00496
886,17720.0,152.0456,-19.00496,152.0456,-19.00495
887,17740.0,152.04561,-19.66032,152.04559,-19.66031
888,17760.0,152.70096,-20.31567,152.70096,-20.31567
889,17780.0,152.70098,-20.97103,138.93827,-20.97102
890,17800.0,116.00034,-22.2818,112.06813,-22.2818
891,17820.0,117.3111,-22.28178,117.31109,-22.28156
892,17840.0,117.96645,-22.28179,117.96645,-22.28178
893,17860.0,117.96646,-23.5925,119.27718,-22.93713
894,17880.0,119.27718,-23.59249,119.27718,-23.59248
895,17900.0,119.27719,-23.5925,119.93254,-23.59249
896,17920.0,119.93255,-24.24786,119.27718,-23.59249
897,17940.0,119.93255,-24.24786,119.93254,-24.24785
898,17960.0,119.27719,-24.24787,119.27718,-24.24786
899,17980.0,119.93254,-24.24786,119.93254,-24.24786
900,18000.0,119.27718,-24.24787,119.93254,-24.24786
901,18020.0,119.27718,-24.24787,119.93253,-24.24785
902,18040.0,132.38452,-24.24782,154.01169,-22.93705
903,18060.0,162.53152,-23.59239,158.59929,-22.93703
904,18080.0,156.63319,-22.93704,157.28855,-22.28168
905,18100.0,157.28855,-22.93705,156.63318,-22.93705
906,18120.0,157.28855,-22.93706,157.28854,-22.93706
907,18140.0,157.28855,-22.93706,157.28854,-22.93706
908,18160.0,157.28855,-22.93707,157.28854,-22.93706
909,18180.0,156.63319,-22.93708,156.63317,-22.28171
910,18200.0,156.63318,-22.93708,157.28854,-22.28172
911,18220.0,156.63319,-22.93708,155.32245,-22.28172
912,18240.0,127.79698,-22.28176,79.29962,-21.62645
913,18260.0,30.80229,-20.97109,-6.55369,-19.00499
914,18280.0,-19.00567,-18.3497,-15.07342,-17.03899
915,18300.0,-13.76269,-15.7283,-14.41809,-15.07296
916,18320.0,-14.41808,-15.07298,-13.76273,-14.41762
917,18340.0,-13.76273,-14.41764,-13.76275,-13.76229
918,18360.0,-14.41811,-14.41766,-14.41812,-13.7623
919,18380.0,-15.07349,-13.76231,-14.41813,-13.10695
920,18400.0,-15.0735,-13.10697,-15.07351,-12.4516
921,18420.0,-15.07351,-13.10698,-15.72888,-12.45161
922,18440.0,-15.72887,-13.10698,-15.72888,-12.45162
923,18460.0,-15.72888,-12.45163,-16.38425,-12.45162
924,18480.0,-16.38424,-12.45163,-16.38425,-11.79626
925,18500.0,-16.38424,-12.45164,-15.72889,-12.45163
926,18520.0,-15.72888,-12.45164,-15.72889,-11.79627
927,18540.0,-15.72888,-12.45164,-15.7289,-11.79628
928,18560.0,-15.72888,-12.45165,-15.72889,-11.79628
929,18580.0,-15.72888,-12.45165,-15.72889,-12.45164
930,18600.0,-15.72888,-13.107,-15.72888,-12.45163
931,18620.0,-15.72887,-13.107,-15.07351,-13.10699
932,18640.0,-1.96608,-13.76237,11.79669,-14.41771
933,18660.0,12.45208,-15.07309,9.83059,-15.07307
934,18680.0,10.48597,-15.72843,11.14132,-16.38378
935,18700.0,11.7967,-17.6945,12.45205,-17.03913
936,18720.0,11.7967,-17.69449,11.79669,-17.03913
937,18740.0,12.45206,-17.69449,12.45205,-17.69449
938,18760.0,12.45206,-17.69449,12.45205,-17.69448
939,18780.0,11.7967,-17.6945,11.79669,-17.69449
940,18800.0,12.45206,-18.34985,11.79669,-17.69448
941,18820.0,11.7967,-18.34986,11.79669,-17.69449
942,18840.0,11.7967,-18.34985,11.79669,-18.34984
943,18860.0,11.7967,-19.00521,11.7967,-18.34984
944,18880.0,11.7967,-19.00521,11.79669,-18.34984
945,18900.0,11.7967,-19.00521,11.79669,-18.34984
946,18920.0,12.45205,-19.00522,12.45204,-18.34985
947,18940.0,12.45205,-19.00522,12.45204,-18.34986
948,18960.0,12.45205,-18.34987,20.31645,-17.6945
949,18980.0,36.04533,-17.69451,44.56516,-18.34984
950,19000.0,45.22052,-18.34986,45.2205,-17.69449
951,19020.0,45.87587,-18.34985,45.87587,-17.69448
952,19040.0,45.87588,-19.00521,46.53124,-19.0052
953,19060.0,46.53125,-19.66056,47.1866,-19.0052
954,19080.0,47.18661,-19.66056,47.84197,-20.31591
955,19100.0,47.84198,-20.31591,47.84197,-20.3159
956,19120.0,47.84198,-20.97127,47.84198,-20.97126
957,19140.0,47.84199,-22.28197,47.84199,-21.6266
958,19160.0,36.04538,-22.28194,16.38425,-21.62659
959,19180.0,9.83058,-21.6266,15.72892,-20.97125
960,19200.0,17.69502,-20.97126,17.695,-20.3159
961,19220.0,17.695,-20.97127,17.695,-20.3159
962,19240.0,17.695,-20.31592,18.35036,-19.66055
963,19260.0,19.00572,-20.31592,18.35035,-20.31592
964,19280.0,18.35036,-20.31592,18.35036,-20.31592
965,19300.0,-39.97668,-20.31593,18.35035,-20.31592
966,19320.0,18.35037,-20.97129,18.35036,-20.31593
967,19340.0,18.35036,-20.31593,19.00572,-20.31593
968,19360.0,19.00573,-20.31594,18.35037,-20.31593
969,19380.0,18.35037,-20.31594,18.35036,-20.31593
970,19400.0,18.35038,-20.9713,18.35037,-20.31594
971,19420.0,18.35038,-20.9713,18.35037,-20.9713
972,19440.0,18.35038,-21.62666,18.35037,-20.97129
973,19460.0,18.35039,-21.62666,18.35037,-20.97129
974,19480.0,18.35038,-21.62666,18.35038,-21.62665
975,19500.0,18.35039,-21.62665,18.35039,-21.62665
976,19520.0,18.3504,-22.28201,19.00575,-21.62664
977,19540.0,19.00576,-22.28201,19.00575,-22.282
978,19560.0,19.66112,-22.93738,19.66111,-22.93737
979,19580.0,19.66112,-22.93738,20.31647,-22.93737
980,19600.0,19.66112,-22.93738,20.31648,-22.93736
981,19620.0,20.31648,-23.59273,19.66111,-22.93736
982,19640.0,19.66113,-23.59273,20.31648,-22.93736
983,19660.0,20.31649,-23.59273,20.31648,-23.59272
984,19680.0,20.31649,-23.59272,20.31648,-23.59272
985,19700.0,20.31649,-23.59272,20.31648,-23.59272
986,19720.0,28.83626,-23.59272,51.11882,-22.93735
987,19740.0,69.46919,-24.24806,71.4353,-23.5927
988,19760.0,-39.97594,-24.24806,69.46918,-23.5927
989,19780.0,70.12455,-23.5927,69.46918,-23.5927
990,19800.0,69.46918,-23.5927,70.12454,-23.5927
991,19820.0,70.12454,-23.59271,70.12453,-23.5927
992,19840.0,70.7799,-23.59271,70.77989,-23.5927
993,19860.0,70.7799,-24.24807,70.7799,-23.5927
994,19880.0,70.77991,-24.24807,70.7799,-24.24806
995,19900.0,70.7799,-24.24806,70.77989,-24.24806
996,19920.0,70.77991,-24.24806,71.43525,-24.24806
997,19940.0,71.43526,-24.24806,71.43525,-23.5927
998,19960.0,70.7799,-24.24806,70.77989,-23.5927
999,19980.0,71.43526,-24.24806,71.43526,-24.24805
1000,20000.0,71.43526,-24.24806,71.43526,-23.5927
1001,20020.0,64.88161,-23.59269,41.28829,-22.28196
1002,20040.0,24.90406,-21.62663,25.55946,-20.3159
1003,20060.0,27.52559,-20.97127,27.52556,-20.31591
1004,20080.0,26.8702,-20.97128,26.8702,-20.97127
1005,20100.0,26.87021,-21.62664,26.8702,-20.31592
1006,20120.0,26.21485,-20.97128,26.8702,-20.97128
1007,20140.0,26.87021,-20.97129,27.52556,-20.97128
1008,20160.0,26.8702,-20.97129,26.87019,-20.97129
1009,20180.0,27.52556,-20.9713,26.87019,-20.31593
1010,20200.0,27.52555,-20.9713,26.87017,-20.31594
1011,20220.0,13.10741,-20.3159,-11.1413,-18.34982
1012,20240.0,-21.62724,-17.69446,-20.31648,-16.38376
1013,20260.0,-18.35038,-16.38377,-19.00576,-15.72841
1014,20280.0,-19.00576,-15.72843,-19.00577,-15.07307
1015,20300.0,-19.00577,-15.07307,-19.00578,-14.41771
1016,20320.0,-19.00577,-15.07308,-19.00578,-14.41771
1017,20340.0,-19.00577,-15.07308,-18.35041,-14.41772
1018,20360.0,-19.00577,-14.41773,-18.35042,-14.41772
1019,20380.0,-18.35041,-15.07308,-18.35041,-15.07308
1020,20400.0,-18.35041,-15.07309,-18.35041,-15.07308
1021,20420.0,-18.35041,-15.72845,-18.35041,-15.07308
1022,20440.0,-18.3504,-15.72844,-17.69505,-15.07308
1023,20460.0,-18.3504,-15.72844,-18.3504,-15.72844
1024,20480.0,-17.69503,-15.72844,-6.55376,-15.72845
1025,20500.0,15.72885,-15.72847,25.55941,-15.72845
1026,20520.0,24.24867,-16.38382,23.59329,-15.72845
1027,20540.0,24.24866,-16.38382,24.24866,-16.38381
1028,20560.0,24.24866,-16.38382,24.24865,-16.38381
1029,20580.0,24.90402,-17.03918,24.90401,-17.03918
1030,20600.0,24.24866,-17.03917,24.24865,-17.03917
1031,20620.0,24.90402,-17.03918,24.90402,-17.03916
1032,20640.0,24.90402,-17.69453,24.90402,-17.03917
1033,20660.0,24.90403,-17.69453,24.90402,-17.69452
1034,20680.0,24.90402,-17.69452,24.90402,-17.69452
1035,20700.0,24.90402,-17.69452,24.90401,-17.69451
1036,20720.0,24.90402,-17.69451,24.90402,-17.69452
1037,20740.0,24.90403,-17.69452,24.90401,-17.69451
1038,20760.0,24.90402,-18.34987,24.90402,-17.6945
1039,20780.0,24.90403,-18.34987,24.90401,-17.6945
1040,20800.0,24.90402,-18.34986,24.90401,-17.6945
1041,20820.0,24.90402,-18.34986,24.90401,-17.69449
1042,20840.0,24.90402,-18.34986,24.90401,-17.69449
1043,20860.0,24.90402,-18.34986,24.90401,-18.34985
1044,20880.0,24.90402,-19.00522,25.55937,-18.34984
1045,20900.0,25.55937,-19.00522,25.55936,-18.34985
1046,20920.0,25.55937,-19.00522,24.904,-18.34985
1047,20940.0,24.904,-18.34986,24.90399,-18.34985
1048,20960.0,25.55936,-19.00522,25.55936,-18.34985
1049,20980.0,24.904,-18.34985,24.904,-18.34984
1050,21000.0,25.55937,-19.00522,24.904,-18.34985
1051,21020.0,25.55937,-19.00521,25.55936,-18.34984
1052,21040.0,25.55936,-19.00521,25.55936,-19.0052
1053,21060.0,25.55936,-19.00521,25.55935,-18.34984
1054,21080.0,25.55936,-19.00521,25.55936,-19.0052
1055,21100.0,25.55937,-19.66057,24.904,-19.00519
1056,21120.0,25.55937,-19.00521,25.55936,-19.0052
1057,21140.0,25.55937,-19.66056,25.55936,-19.66055
1058,21160.0,26.21473,-20.31592,26.21472,-19.66055
1059,21180.0,26.21473,-20.31592,26.21473,-19.66055
1060,21200.0,26.21473,-20.31592,26.21472,-19.66055
1061,21220.0,26.87009,-20.31592,26.21473,-20.31591
1062,21240.0,26.8701,-20.31591,26.21474,-20.31591
1063,21260.0,26.8701,-20.97128,26.8701,-20.97127
1064,21280.0,27.52546,-20.97128,26.8701,-20.97126
1065,21300.0,27.52547,-21.62663,27.52546,-21.62662
1066,21320.0,32.11303,-22.28198,51.7741,-22.28197
1067,21340.0,68.15835,-22.93732,76.67816,-23.59265
1068,21360.0,74.71206,-23.59266,74.05667,-23.59266
1069,21380.0,74.05667,-23.59266,74.71203,-23.59266
1070,21400.0,74.71203,-24.24802,75.36739,-24.24802
1071,21420.0,75.3674,-24.90338,75.36739,-24.90337
1072,21440.0,76.02276,-25.55874,76.02276,-25.55872
1073,21460.0,76.02277,-27.5248,76.67813,-28.18013
1074,21480.0,77.33351,-32.11226,77.33343,-40.63176
1075,21500.0,77.98901,-51.77278,71.43554,-64.87996
1076,21520.0,69.46992,-74.71038,66.19327,-77.3318
1077,21540.0,68.81495,-80.60862,71.43649,-79.95324
1078,21560.0,72.74733,-80.60862,70.12597,-78.64252
1079,21580.0,73.4028,-77.98718,81.2671,-76.02108
1080,21600.0,87.16527,-75.36574,93.71877,-76.02108
1081,21620.0,92.40795,-77.98718,87.16495,-78.64252
1082,21640.0,79.95591,-79.95326,77.33438,-80.6086
1083,21660.0,78.64507,-81.26398,80.6111,-79.95324
1084,21680.0,81.26642,-78.64254,82.57708,-77.3318
1085,21700.0,84.54312,-75.36574,86.50914,-73.39964
1086,21720.0,87.81984,-72.08894,89.13049,-70.12284
1087,21740.0,91.09653,-68.81214,92.40719,-67.5014
1088,21760.0,93.71789,-66.84606,94.3732,-64.87996
1089,21780.0,94.37318,-64.22462,93.71778,-62.25852
1090,21800.0,93.06241,-62.25854,93.71774,-60.9478
1091,21820.0,93.71773,-60.94782,93.71771,-59.63708
1092,21840.0,93.7177,-59.6371,93.71767,-58.98172
1093,21860.0,93.06231,-58.32638,92.40693,-57.671
1094,21880.0,93.06228,-57.67102,92.4069,-57.01564
1095,21900.0,92.4069,-56.3603,93.06224,-54.3942
1096,21920.0,97.64982,-51.77278,97.6498,-49.15136
1097,21940.0,98.30515,-48.49606,98.30511,-47.84074
1098,21960.0,98.96046,-46.53006,98.30508,-45.87472
1099,21980.0,98.30508,-45.21938,98.30506,-44.56402
1100,22000.0,98.30507,-44.56404,97.64969,-43.25332
1101,22020.0,97.64969,-43.25333,97.64968,-42.59797
1102,22040.0,97.64969,-42.59798,97.64967,-41.28726
1103,22060.0,96.99431,-41.28727,96.33894,-40.6319
1104,22080.0,96.9943,-40.63192,96.33894,-39.32119
1105,22100.0,96.33894,-39.97656,96.33893,-39.32119
1106,22120.0,96.33894,-38.66584,96.33893,-38.66583
1107,22140.0,95.68357,-38.66584,95.68356,-38.01048
1108,22160.0,95.68356,-38.01049,95.02819,-37.35512
1109,22180.0,95.0282,-37.35513,95.02818,-36.69976
1110,22200.0,94.37283,-37.35513,95.02818,-36.69977
1111,22220.0,94.37282,-36.69978,95.02817,-36.04441
1112,22240.0,95.02817,-36.04442,95.02817,-36.04442
1113,22260.0,94.37281,-36.04442,94.37281,-35.38906
1114,22280.0,94.37281,-35.38907,94.3728,-34.7337
1115,22300.0,95.68353,-34.7337,107.48015,-33.42295
1116,22320.0,113.37852,-32.7676,112.06776,-32.11223
1117,22340.0,110.75703,-32.11224,111.41238,-31.45688
1118,22360.0,111.41238,-31.45689,110.75702,-30.80153
1119,22380.0,111.41238,-31.4569,110.75702,-30.80153
1120,22400.0,110.75702,-30.80154,110.75702,-30.14618
1121,22420.0,110.75702,-30.80155,110.75702,-30.14619
1122,22440.0,110.75702,-30.80156,109.44628,-30.14619
1123,22460.0,110.10165,-30.80156,110.10165,-30.14619
1124,22480.0,110.10165,-30.80156,109.44629,-30.1462
1125,22500.0,109.44629,-30.80157,109.44628,-30.1462
1126,22520.0,109.44629,-30.14621,108.79092,-30.1462
1127,22540.0,108.79093,-30.14621,112.06776,-29.49084
1128,22560.0,114.03389,-29.49085,113.3785,-28.83549
1129,22580.0,113.37851,-28.8355,113.3785,-28.18014
1130,22600.0,113.3785,-28.83551,112.72314,-28.18014
1131,22620.0,113.3785,-28.8355,113.3785,-28.8355
1132,22640.0,112.72315,-30.14622,113.37851,-29.49085
1133,22660.0,112.72316,-30.80158,112.72316,-30.80156
1134,22680.0,112.72318,-31.45693,112.72317,-31.45692
1135,22700.0,112.06783,-32.76765,112.06782,-32.11228
1136,22720.0,112.06784,-32.76765,112.06782,-32.11229
1137,22740.0,111.41248,-32.11231,110.75711,-31.45694
1138,22760.0,110.75712,-32.11232,110.10175,-31.45696
1139,22780.0,119.2769,-30.14622,132.38431,-28.83548
1140,22800.0,133.69507,-28.83549,132.38432,-27.52476
1141,22820.0,131.0736,-27.52478,131.72895,-26.86942
1142,22840.0,131.72896,-26.86943,131.07358,-26.86943
1143,22860.0,131.72895,-26.21407,131.72894,-25.55871
1144,22880.0,131.07358,-26.21408,131.72893,-25.55872
1145,22900.0,131.07357,-25.55872,131.72893,-24.90337
1146,22920.0,131.72893,-24.90337,131.07355,-24.24801
1147,22940.0,131.07356,-24.24802,131.07355,-23.59266
1148,22960.0,131.07356,-24.24803,131.07354,-24.24802
1149,22980.0,131.72892,-24.90338,130.41819,-25.55873
1150,23000.0,131.72892,-25.55874,131.72892,-26.21407
1151,23020.0,132.3843,-27.52479,132.3843,-27.52478
1152,23040.0,132.3843,-28.18014,132.38429,-27.52478
1153,23060.0,132.3843,-28.18015,131.72893,-28.18014
1154,23080.0,131.72893,-28.18014,131.07356,-28.18014
1155,23100.0,131.72893,-28.18015,131.07356,-28.18014
1156,23120.0,131.07356,-28.18015,130.41819,-28.18015
1157,23140.0,129.76284,-28.83552,130.41819,-28.18015
1158,23160.0,130.4182,-29.49087,131.07356,-29.49086
1159,23180.0,131.07356,-29.49087,130.4182,-29.49086
1160,23200.0,130.41821,-30.14622,130.41821,-30.14622
1161,23220.0,130.41822,-30.14622,131.07357,-30.14621
1162,23240.0,130.41822,-30.80158,130.41823,-30.80157
1163,23260.0,131.07359,-32.11229,130.41823,-31.45692
1164,23280.0,131.0736,-32.11229,131.0736,-32.11228
1165,23300.0,130.41824,-32.1123,130.41824,-32.11229
1166,23320.0,130.41824,-32.1123,130.41824,-32.1123
1167,23340.0,130.41825,-32.76767,130.41825,-32.11231
1168,23360.0,130.41825,-32.76768,130.41824,-32.11232
1169,23380.0,130.41825,-32.76769,129.76288,-32.11232
1170,23400.0,129.76289,-32.11234,129.10752,-32.11233
1171,23420.0,128.45217,-32.11234,129.76288,-31.45697
1172,23440.0,129.10753,-32.11234,129.10752,-30.80162
1173,23460.0,128.45217,-31.45698,128.45216,-30.80162
1174,23480.0,127.7968,-30.80163,127.14143,-30.14626
1175,23500.0,128.45216,-30.80162,127.79679,-30.14626
1176,23520.0,127.7968,-30.14627,127.79679,-29.4909
1177,23540.0,127.7968,-29.49091,127.14143,-29.4909
1178,23560.0,112.72333,-31.45698,85.85317,-33.42309
1179,23580.0,70.7797,-34.73382,72.09046,-34.07847
1180,23600.0,74.05655,-33.42311,74.05653,-32.76775
1181,23620.0,73.40116,-33.42313,72.7458,-32.76777
1182,23640.0,73.40116,-32.76778,73.40115,-32.11242
1183,23660.0,73.40116,-32.76778,74.05651,-32.11242
1184,23680.0,74.05652,-32.76778,74.05651,-32.11242
1185,23700.0,74.05652,-32.11243,74.71187,-32.11242
1186,23720.0,74.05651,-32.11243,74.71187,-31.45707
1187,23740.0,74.71187,-31.45708,74.71186,-31.45707
1188,23760.0,74.71186,-30.80172,74.71185,-30.80172
1189,23780.0,75.36722,-30.80173,70.77966,-30.14635
1190,23800.0,43.25417,-28.18025,13.76251,-25.5588
1191,23820.0,-3.27706,-24.90345,-1.31091,-23.59274
1192,23840.0,0.65523,-22.93739,-0.00016999999999712,-22.28205
1193,23860.0,-0.65552,-21.62671,-0.65555,-20.97136
1194,23880.0,-0.65554,-20.31601,-1.31092,-19.0053
1195,23900.0,-1.31092,-19.00532,-1.31094,-17.6946
1196,23920.0,-1.31093,-17.6946,-1.31095,-17.03924
1197,23940.0,-1.96629,-17.03925,-1.31094,-16.38388
1198,23960.0,-1.9663,-17.03926,-1.31095,-16.38389
1199,23980.0,-1.9663,-16.38391,-1.96631,-15.72854
1200,24000.0,-1.9663,-16.38391,-1.96631,-15.72855
1201,24020.0,-1.9663,-15.72856,-1.9663,-15.72855
1202,24040.0,-1.96629,-15.72798,-1.96631,-15.07319
1203,24060.0,-2.62165,-15.72856,-1.96631,-15.07319
1204,24080.0,-1.96631,-15.0732,9.17494,-15.07319
1205,24100.0,28.83606,-15.07322,31.45754,-15.07321
1206,24120.0,29.49142,-14.41786,30.14676,-14.41785
1207,24140.0,30.14679,-14.41786,30.80214,-14.41785
1208,24160.0,30.80214,-14.41785,30.80214,-13.76249
1209,24180.0,30.80214,-14.41787,30.80213,-13.7625
1210,24200.0,30.80214,-13.7625,30.80213,-13.7625
1211,24220.0,30.80213,-13.7625,30.80213,-13.7625
1212,24240.0,30.80213,-13.7625,30.80212,-13.7625
1213,24260.0,30.80214,-13.7625,30.80212,-13.10714
1214,24280.0,30.80214,-13.76251,30.80213,-13.7625
1215,24300.0,31.4575,-14.41787,31.45749,-13.7625
1216,24320.0,31.45749,-14.41787,31.45748,-14.41787
1217,24340.0,31.45749,-14.41788,31.45748,-14.41788
1218,24360.0,31.45749,-14.41788,31.45748,-13.76251
1219,24380.0,31.45749,-14.41788,31.45748,-14.41787
1220,24400.0,31.45749,-14.41787,31.45749,-14.41786
1221,24420.0,32.11286,-15.07322,32.11285,-14.41786
1222,24440.0,32.11286,-14.41787,32.11286,-14.41786
1223,24460.0,32.11286,-14.41786,32.11285,-14.41785
1224,24480.0,32.11286,-15.07322,32.76821,-14.41785
1225,24500.0,32.11286,-15.07322,32.11285,-14.41786
1226,24520.0,32.76822,-15.07322,32.11285,-15.07322
1227,24540.0,32.11287,-15.07322,32.11286,-15.07322
1228,24560.0,32.11287,-15.07322,32.11286,-15.07322
1229,24580.0,32.11287,-15.07322,32.11286,-15.07322
1230,24600.0,32.11287,-15.07323,39.32189,-14.41785
1231,24620.0,56.36152,-15.72858,61.60448,-15.07322
1232,24640.0,59.63837,-15.72858,59.63835,-15.07321
1233,24660.0,59.63836,-15.07322,59.63836,-15.07323
1234,24680.0,60.29373,-15.07322,59.63837,-15.07322
1235,24700.0,60.29373,-15.72859,60.29373,-15.07322
1236,24720.0,60.29374,-15.72858,60.29373,-15.07322
1237,24740.0,60.29374,-15.72858,60.29373,-15.72858
1238,24760.0,60.29374,-15.72858,60.29373,-15.72858
1239,24780.0,60.29374,-15.72858,60.29373,-15.72857
1240,24800.0,59.63838,-15.72858,60.29373,-15.72857
1241,24820.0,60.29373,-15.72858,60.29372,-15.72857
1242,24840.0,60.29373,-15.07321,59.63835,-15.07321
1243,24860.0,60.29373,-15.72857,60.29371,-15.0732
1244,24880.0,60.29372,-15.07321,60.29371,-15.0732
1245,24900.0,60.29371,-15.0732,59.63835,-15.0732
1246,24920.0,60.29371,-15.0732,60.2937,-15.0732
1247,24940.0,60.29371,-15.07319,60.2937,-15.07319
1248,24960.0,59.63834,-15.07319,60.29369,-15.07319
1249,24980.0,60.2937,-15.07319,60.29369,-15.07319
1250,25000.0,60.2937,-15.07318,60.29369,-15.07318
1251,25020.0,60.2937,-15.07319,60.29369,-15.07318
1252,25040.0,60.2937,-15.07318,60.29369,-15.07318
1253,25060.0,60.94905,-15.72854,61.60441,-16.38389
1254,25080.0,61.60441,-16.3839,61.6044,-15.72854
1255,25100.0,60.94904,-15.72854,60.94904,-15.07318
1256,25120.0,61.6044,-15.72854,60.94903,-15.07317
1257,25140.0,60.94904,-15.72854,60.94903,-15.07317
1258,25160.0,60.94904,-15.72854,60.94903,-14.41781
1259,25180.0,60.94904,-15.07318,61.60439,-14.41781
1260,25200.0,61.6044,-14.41782,60.94902,-13.76246
1261,25220.0,60.94903,-14.41782,60.94903,-13.76246
1262,25240.0,60.94903,-13.10711,60.94901,-12.45175
1263,25260.0,59.6383,-12.45176,60.29365,-11.7964
1264,25280.0,59.6383,-11.79641,59.63829,-11.14105
1265,25300.0,59.6383,-11.14106,59.63829,-10.48569
1266,25320.0,58.98293,-11.14106,59.63828,-10.48569
1267,25340.0,58.98293,-10.4857,58.98292,-10.4857
1268,25360.0,58.98293,-10.4857,58.98292,-10.48569
1269,25380.0,58.32758,-10.4857,58.98292,-10.4857
1270,25400.0,58.98294,-10.4857,58.32757,-10.4857
1271,25420.0,58.32758,-10.4857,58.98293,-10.4857
1272,25440.0,58.98294,-11.14106,58.98294,-10.48569
1273,25460.0,58.98295,-11.14105,58.32759,-11.14105
1274,25480.0,59.63831,-11.14106,58.98295,-11.14105
1275,25500.0,58.98296,-11.14105,59.63831,-11.14104
1276,25520.0,59.63832,-11.79641,58.98295,-11.14104
1277,25540.0,58.98297,-11.79641,58.98296,-11.14104
1278,25560.0,58.98297,-11.7964,58.32761,-11.79639
1279,25580.0,58.32761,-11.79639,57.67224,-11.7964
1280,25600.0,57.01689,-12.45176,56.36152,-12.45176
1281,25620.0,55.70616,-12.45176,55.70615,-12.45175
1282,25640.0,55.05079,-12.45176,54.39542,-12.45175
1283,25660.0,54.39542,-13.10712,54.39541,-12.45175
1284,25680.0,54.39541,-12.45176,53.74003,-12.45175
1285,25700.0,53.74004,-13.10712,53.74003,-12.45176
1286,25720.0,54.39539,-13.10713,54.39537,-12.45176
1287,25740.0,53.74002,-12.45177,54.39537,-12.45177
1288,25760.0,54.39538,-12.45178,54.39537,-12.45177
1289,25780.0,53.74001,-12.45178,54.39536,-12.45178
1290,25800.0,53.74001,-12.45178,53.74,-11.79641
1291,25820.0,53.74001,-12.45178,54.39536,-12.45177
1292,25840.0,54.39537,-12.45178,54.39536,-12.45177
1293,25860.0,53.74001,-12.45177,54.39536,-12.45176
1294,25880.0,53.74001,-13.10713,54.39536,-12.45176
1295,25900.0,54.39537,-12.45177,54.39536,-12.45176
1296,25920.0,54.39536,-12.45177,53.74,-12.45176
1297,25940.0,54.39537,-13.10713,54.39536,-12.45176
1298,25960.0,54.39537,-13.10712,54.39537,-13.10711
1299,25980.0,54.39538,-13.76248,54.39537,-13.76247
1300,26000.0,54.39537,-13.76248,54.39537,-13.76247
1301,26020.0,54.39538,-13.76247,54.39538,-13.76247
1302,26040.0,55.05075,-14.41783,55.05074,-15.07317
1303,26060.0,55.05076,-15.07318,55.05074,-15.07317
1304,26080.0,55.05076,-15.72853,55.05076,-16.38388
1305,26100.0,55.70613,-17.03924,55.70612,-16.38387
1306,26120.0,55.05077,-17.03923,55.05076,-16.38387
1307,26140.0,55.05077,-17.03923,55.05076,-16.38387
1308,26160.0,55.05076,-17.03923,55.05075,-16.38387
1309,26180.0,55.05076,-17.03923,55.05076,-16.38387
1310,26200.0,55.70613,-17.03924,55.70612,-17.03922
1311,26220.0,55.05076,-17.03924,55.70611,-17.03923
1312,26240.0,55.70612,-17.03924,55.70611,-17.03924
1313,26260.0,55.70612,-17.03924,55.70611,-17.03923
1314,26280.0,55.70612,-17.03924,55.70611,-17.03924
1315,26300.0,55.70612,-17.03924,55.70611,-16.38387
1316,26320.0,55.70612,-17.03924,55.70611,-16.38388
1317,26340.0,56.36148,-17.03924,56.36147,-17.03924
1318,26360.0,56.36149,-17.03925,56.36147,-16.38389
1319,26380.0,56.36149,-17.03926,56.36147,-16.38389
1320,26400.0,57.01684,-17.03926,57.01683,-17.03926
1321,26420.0,57.6722,-17.03927,57.01683,-16.38391
1322,26440.0,57.67219,-17.03928,57.01682,-16.38392
1323,26460.0,57.01683,-16.38392,57.67218,-16.38392
1324,26480.0,57.67218,-16.38392,57.01681,-16.38391
1325,26500.0,57.67218,-17.03927,58.32755,-17.69462
1326,26520.0,59.63826,-20.97139,60.29354,-32.11243
1327,26540.0,55.05084,-51.11744,47.84226,-72.74428
1328,26560.0,58.32891,-80.60862,64.22751,-77.98716
1329,26580.0,66.84932,-75.36574,88.47627,-57.671
1330,26600.0,105.51566,-27.52446,106.17093,-1.31004
1331,26620.0,108.13702,19.0061,106.82628,34.0794
1332,26640.0,101.58335,43.25442,101.58335,47.84196
1333,26660.0,100.27267,51.11874,99.61731,51.77412
1334,26680.0,96.99588,51.7741,93.06369,51.77412
1335,26700.0,92.40834,51.7741,90.44225,51.77412
1336,26720.0,87.82079,51.7741,87.16545,51.77412
1337,26740.0,84.54401,51.7741,82.57789,51.77412
1338,26760.0,83.23326,51.7741,79.95643,51.77412
1339,26780.0,79.30104,51.7741,81.92246,51.77412
1340,26800.0,83.23316,51.7741,84.54387,51.77412
1341,26820.0,86.50993,51.7741,91.0974,51.77412
1342,26840.0,95.02956,51.7741,94.37421,51.77412
1343,26860.0,93.06346,51.7741,95.02951,51.77412
1344,26880.0,98.9617,51.7741,98.30633,51.77412
1345,26900.0,91.7527,51.7741,87.16514,51.77412
1346,26920.0,91.09731,51.7741,89.13123,51.77412
1347,26940.0,86.5098,51.7741,83.23297,51.77412
1348,26960.0,81.92226,51.7741,77.99007,51.77412
1349,26980.0,77.3347,51.7741,77.99004,51.77412
1350,27000.0,80.6115,51.7741,80.61151,51.77412
1351,27020.0,75.36859,51.7741,68.81491,51.77412
1352,27040.0,70.78099,51.7741,76.02392,51.77412
1353,27060.0,72.7471,51.7741,69.47023,51.77412
1354,27080.0,70.12562,51.7741,70.12561,51.77412
1355,27100.0,71.43636,51.7741,67.50416,51.77412
1356,27120.0,66.19339,51.7741,64.22729,51.77412
1357,27140.0,63.57194,51.7741,65.53804,51.77412
1358,27160.0,64.88266,51.7741,64.22727,51.77412
1359,27180.0,69.47019,51.7741,71.43628,51.77412
1360,27200.0,66.19337,51.7741,64.8826,51.77412
1361,27220.0,70.78088,51.7741,72.09162,51.77412
1362,27240.0,66.84867,51.7741,61.60572,51.77412
1363,27260.0,64.88255,51.7741,67.504,51.77412
1364,27280.0,64.8825,51.7741,64.22708,51.77412
1365,27300.0,64.22703,51.7741,64.88231,51.77412
1366,27320.0,65.53764,51.7741,62.26079,51.77412
1367,27340.0,58.9839,51.7741,57.01776,51.77412
1368,27360.0,54.39629,51.7741,49.15334,51.77412
1369,27380.0,43.91034,51.7741,41.28888,51.77412
1370,27400.0,39.97816,51.7741,38.66739,51.77412
1371,27420.0,34.07982,51.7741,34.73514,51.77412
1372,27440.0,38.66733,51.7741,35.39046,51.77412
1373,27460.0,30.80288,51.7741,31.45822,51.77412
1374,27480.0,33.42431,51.7741,34.07963,51.77412
1375,27500.0,32.11348,51.7741,34.73484,51.77412
1376,27520.0,35.39013,51.7741,38.01139,51.77412
1377,27540.0,42.59881,51.7741,45.8754,51.77412
1378,27560.0,55.05026,51.7741,55.70544,51.77412
1379,27580.0,58.32665,51.7741,57.01569,51.77412
1380,27600.0,59.63714,51.7741,64.22465,51.77412
1381,27620.0,64.88002,51.7741,64.22465,51.77412
1382,27640.0,65.53538,51.7741,70.12289,51.77412
1383,27660.0,70.77826,51.7741,70.77825,51.77412
1384,27680.0,76.02114,51.7741,81.26401,51.77412
1385,27700.0,93.0605,51.7741,87.16225,51.77412
1386,27720.0,93.71586,51.7741,104.20161,51.77412
1387,27740.0,103.54626,51.7741,105.51233,51.77412
1388,27760.0,103.54626,51.7741,108.78913,51.77412
1389,27780.0,114.03202,51.7741,112.06593,51.77412
1390,27800.0,106.82306,51.7741,111.41057,51.77412
1391,27820.0,113.37666,51.7741,115.34273,51.77412
1392,27840.0,115.34274,51.7741,119.27489,51.77412
1393,27860.0,121.89634,51.7741,125.17313,51.77412
1394,27880.0,126.48386,51.7741,127.13921,51.77412
1395,27900.0,131.07138,51.7741,133.03745,51.77412
1396,27920.0,129.1053,51.7741,137.62497,51.77412
1397,27940.0,144.83394,51.7741,142.86785,51.77412
1398,27960.0,147.45538,51.7741,155.97505,51.77412
1399,27980.0,166.46082,51.7741,176.29121,51.77412
1400,28000.0,180.87874,51.7741,189.39841,51.77412
1401,28020.0,185.46626,51.7741,188.08769,51.77412
1402,28040.0,186.12162,51.7741,184.81089,51.77412
1403,28060.0,186.77698,51.7741,193.98593,51.77412
1404,28080.0,194.6413,51.7741,193.33057,51.77412
1405,28100.0,195.29666,51.7741,207.74849,51.77412
1406,28120.0,209.71458,51.7741,215.61281,51.77412
1407,28140.0,213.64674,51.7741,207.09313,51.77412
1408,28160.0,206.43778,51.7741,199.88417,51.77412
1409,28180.0,197.26274,51.7741,201.85025,51.77412
1410,28200.0,200.53954,51.7741,206.43777,51.77412
1411,28220.0,210.36994,51.7741,209.71457,51.77412
1412,28240.0,212.99138,51.7741,228.06465,51.77412
1413,28260.0,227.4093,51.7741,224.78785,51.77412
1414,28280.0,222.82178,51.7741,230.68609,51.77412
1415,28300.0,226.09858,51.7741,219.54497,51.77412
1416,28320.0,222.82178,51.7741,228.72001,51.77412
1417,28340.0,228.06466,51.7741,224.78785,51.77412
1418,28360.0,221.51106,51.7741,220.85569,51.77412
1419,28380.0,220.8557,51.7741,226.75393,51.77412
1420,28400.0,219.54498,51.7741,213.64673,51.77412
1421,28420.0,219.54498,51.7741,218.88961,51.77412
1422,28440.0,223.47714,51.7741,219.54497,51.77412
1423,28460.0,220.20034,51.7741,224.13249,51.77412
1424,28480.0,222.82178,51.7741,222.82177,51.77412
1425,28500.0,230.6861,51.7741,228.06465,51.77412
1426,28520.0,228.06466,51.7741,226.75393,51.77412
1427,28540.0,232.65218,51.7741,237.89505,51.77412
1428,28560.0,240.5165,51.7741,239.20577,51.77412
1429,28580.0,245.10402,51.7741,243.13793,51.77412
1430,28600.0,241.17186,51.7741,237.89505,51.77412
1431,28620.0,241.82722,51.7741,253.62369,51.77412
1432,28640.0,247.72546,51.7741,247.72545,51.77412
1433,28660.0,241.82722,51.7741,246.41473,51.77412
1434,28680.0,245.75938,51.7741,243.13793,51.77412
1435,28700.0,239.20578,51.7741,236.58433,51.77412
1436,28720.0,239.20578,51.7741,236.58433,51.77412
1437,28740.0,226.75394,51.7741,232.65217,51.77412
1438,28760.0,235.92898,51.7741,239.86113,51.77412
1439,28780.0,237.2397,51.7741,239.86113,51.77412
1440,28800.0,238.55042,51.7741,241.82721,51.77412
1441,28820.0,243.7933,51.7741,242.48257,51.77412
1442,28840.0,238.55042,51.7741,239.20577,51.77412
1443,28860.0,238.55042,51.7741,237.89505,51.77412
1444,28880.0,236.58434,51.7741,235.27361,51.77412
1445,28900.0,239.20578,51.7741,237.23969,51.77412
1446,28920.0,239.86114,51.7741,239.20577,51.77412
1447,28940.0,239.20578,51.7741,241.82721,51.77412
1448,28960.0,241.82722,51.7741,239.86113,51.77412
1449,28980.0,241.82722,51.7741,242.48257,51.77412
1450,29000.0,243.13794,51.7741,249.69153,51.77412
1451,29020.0,256.9005,51.7741,254.93441,51.77412
1452,29040.0,257.55586,51.7741,255.58977,51.77412
1453,29060.0,259.52194,51.7741,257.55585,51.77412
1454,29080.0,253.6237,51.7741,258.86657,51.77412
1455,29100.0,264.76482,51.7741,262.79873,51.77412
1456,29120.0,266.07554,51.7741,264.10945,51.77412
1457,29140.0,265.42018,51.7741,266.73089,51.77412
1458,29160.0,260.1773,51.7741,254.93441,51.77412
1459,29180.0,254.93442,51.7741,251.65761,51.77412
1460,29200.0,252.96834,51.7741,251.65761,51.77412
1461,29220.0,247.0701,51.7741,246.41473,51.77412
1462,29240.0,247.0701,51.7741,249.69153,51.77412
1463,29260.0,252.31298,51.7741,248.38081,51.77412
1464,29280.0,247.0701,51.7741,247.72545,51.77412
1465,29300.0,244.44866,51.7741,249.69153,51.77412
1466,29320.0,249.69154,51.7741,244.44865,51.77412
1467,29340.0,245.10402,51.7741,247.07009,51.77412
1468,29360.0,245.10402,51.7741,242.48257,51.77412
1469,29380.0,246.41474,51.7741,247.07009,51.77412
1470,29400.0,245.75938,51.7741,246.41473,51.77412
1471,29420.0,247.0701,51.7741,247.72545,51.77412
1472,29440.0,249.69154,51.7741,247.07009,51.77412
1473,29460.0,251.00226,51.7741,247.07009,51.77412
1474,29480.0,248.38082,51.7741,252.96833,51.77412
1475,29500.0,247.0701,51.7741,252.96833,51.77412
1476,29520.0,253.6237,51.7741,240.51649,51.77412
1477,29540.0,238.55042,51.7741,239.86113,51.77412
1478,29560.0,239.20578,51.7741,241.17185,51.77412
1479,29580.0,241.17186,51.7741,238.55041,51.77412
1480,29600.0,240.5165,51.7741,239.20577,51.77412
1481,29620.0,238.55042,51.7741,243.13793,51.77412
1482,29640.0,243.13794,51.7741,243.13793,51.77412
1483,29660.0,243.13794,51.7741,243.79329,51.77412
1484,29680.0,248.38082,51.7741,243.79329,51.77412
1485,29700.0,248.38082,51.7741,247.72545,51.77412
1486,29720.0,246.41474,51.7741,246.41473,51.77412
1487,29740.0,250.3469,51.7741,249.69153,51.77412
1488,29760.0,247.0701,51.7741,247.07009,51.77412
1489,29780.0,248.38082,51.7741,252.31297,51.77412
1490,29800.0,248.38082,51.7741,249.03617,51.77412
1491,29820.0,247.72546,51.7741,247.72545,51.77412
1492,29840.0,249.69154,51.7741,252.31297,51.77412
1493,29860.0,252.31298,51.7741,252.31297,51.77412
1494,29880.0,249.69154,51.7741,251.00225,51.77412
1495,29900.0,253.6237,51.7741,248.38081,51.77412
1496,29920.0,245.10402,51.7741,245.75937,51.77412
1497,29940.0,246.41474,51.7741,245.10401,51.77412
1498,29960.0,243.13794,51.7741,241.82721,51.77412
